id,user_id,task_id,started_at,finished_at,is_success,attempt_num
1,1,1,2025-10-01 13:29:00,2025-10-01 13:43:00,false,1
2,1,1,2025-10-01 11:23:00,2025-10-01 11:37:00,true,2
3,1,5,2025-10-04 17:46:00,2025-10-04 18:09:00,false,1
4,1,5,2025-10-04 11:29:00,2025-10-04 12:01:00,false,2
5,1,5,2025-10-04 13:59:00,2025-10-04 14:42:00,false,3
6,1,2,2025-10-06 14:25:00,2025-10-06 14:36:00,false,1
7,1,6,2025-10-08 15:56:00,2025-10-08 16:33:00,false,1
8,1,6,2025-10-08 11:16:00,2025-10-08 11:32:00,false,2
9,1,6,2025-10-08 12:47:00,2025-10-08 13:30:00,false,3
10,1,6,2025-10-08 17:16:00,2025-10-08 18:01:00,false,4
11,1,6,2025-10-08 15:57:00,2025-10-08 16:42:00,true,5
12,1,5,2025-10-09 10:48:00,2025-10-09 10:59:00,false,1
13,1,5,2025-10-09 10:09:00,2025-10-09 10:27:00,false,2
14,1,5,2025-10-09 15:38:00,2025-10-09 15:50:00,false,3
15,1,5,2025-10-09 15:24:00,2025-10-09 16:01:00,false,4
16,1,5,2025-10-09 17:16:00,2025-10-09 17:59:00,true,5
17,1,6,2025-10-11 14:07:00,2025-10-11 14:33:00,false,1
18,1,6,2025-10-11 15:10:00,2025-10-11 15:47:00,false,2
19,1,6,2025-10-11 09:46:00,2025-10-11 10:10:00,false,3
20,1,6,2025-10-11 17:48:00,2025-10-11 18:07:00,true,4
21,1,7,2025-11-30 14:00:00,2025-11-30 14:27:00,false,1
22,1,7,2025-10-30 12:00:00,2025-10-30 12:25:00,false,2
23,1,7,2025-11-24 16:00:00,2025-11-24 16:48:00,false,3
24,1,7,2025-10-21 14:00:00,2025-10-21 14:35:00,false,4
25,2,5,2025-10-01 17:55:00,2025-10-01 18:30:00,false,1
26,2,5,2025-10-01 12:59:00,2025-10-01 13:41:00,false,2
27,2,5,2025-10-01 12:45:00,2025-10-01 13:12:00,false,3
28,2,5,2025-10-01 15:42:00,2025-10-01 16:13:00,true,4
29,2,2,2025-10-01 16:07:00,2025-10-01 16:17:00,false,1
30,2,2,2025-10-01 12:04:00,2025-10-01 12:17:00,false,2
31,2,2,2025-10-01 09:37:00,2025-10-01 09:57:00,true,3
32,2,1,2025-10-03 09:14:00,2025-10-03 09:19:00,false,1
33,2,1,2025-10-03 09:55:00,2025-10-03 10:08:00,false,2
34,2,1,2025-10-03 10:32:00,2025-10-03 10:42:00,true,3
35,2,5,2025-10-06 16:15:00,2025-10-06 16:53:00,false,1
36,2,5,2025-10-06 15:12:00,2025-10-06 15:26:00,false,2
37,2,5,2025-10-06 10:42:00,2025-10-06 11:17:00,true,3
38,2,6,2025-10-08 09:25:00,2025-10-08 09:54:00,false,1
39,2,6,2025-10-08 10:15:00,2025-10-08 10:35:00,false,2
40,2,1,2025-10-08 11:27:00,2025-10-08 11:35:00,false,1
41,2,1,2025-10-08 13:29:00,2025-10-08 13:39:00,true,2
42,2,5,2025-10-09 17:53:00,2025-10-09 18:01:00,false,1
43,2,5,2025-10-09 10:59:00,2025-10-09 11:22:00,false,2
44,2,1,2025-10-09 16:13:00,2025-10-09 16:28:00,false,1
45,2,1,2025-10-09 09:10:00,2025-10-09 09:25:00,false,2
46,2,4,2025-10-12 17:42:00,2025-10-12 18:00:00,false,1
47,2,4,2025-10-12 11:12:00,2025-10-12 11:24:00,true,2
48,2,3,2025-10-12 17:03:00,2025-10-12 17:16:00,false,1
49,2,7,2025-10-24 14:00:00,2025-10-24 14:20:00,false,1
50,2,7,2025-11-01 10:00:00,2025-11-01 10:19:00,false,2
51,2,7,2025-11-05 13:00:00,2025-11-05 13:22:00,false,3
52,3,6,2025-10-02 16:39:00,2025-10-02 17:23:00,false,1
53,3,6,2025-10-02 10:04:00,2025-10-02 10:46:00,false,2
54,3,2,2025-10-02 11:59:00,2025-10-02 12:13:00,false,1
55,3,2,2025-10-02 10:56:00,2025-10-02 11:06:00,true,2
56,3,9,2025-10-03 17:19:00,2025-10-03 17:33:00,false,1
57,3,9,2025-10-03 11:16:00,2025-10-03 11:31:00,true,2
58,3,5,2025-10-03 13:18:00,2025-10-03 13:39:00,false,1
59,3,5,2025-10-03 14:13:00,2025-10-03 14:37:00,false,2
60,3,5,2025-10-03 17:31:00,2025-10-03 17:55:00,true,3
61,3,7,2025-10-05 09:00:00,2025-10-05 09:13:00,false,1
62,3,7,2025-10-05 11:40:00,2025-10-05 11:51:00,true,2
63,3,9,2025-10-08 10:56:00,2025-10-08 11:13:00,false,1
64,3,9,2025-10-08 17:02:00,2025-10-08 17:33:00,true,2
65,3,1,2025-10-08 15:08:00,2025-10-08 15:12:00,true,1
66,3,4,2025-10-09 10:22:00,2025-10-09 10:42:00,false,1
67,3,4,2025-10-09 15:39:00,2025-10-09 15:46:00,false,2
68,3,4,2025-10-09 12:55:00,2025-10-09 13:03:00,true,3
69,3,9,2025-10-09 15:01:00,2025-10-09 15:20:00,false,1
70,3,9,2025-10-09 14:50:00,2025-10-09 15:24:00,false,2
71,3,9,2025-10-09 12:17:00,2025-10-09 12:35:00,true,3
72,3,1,2025-10-11 12:52:00,2025-10-11 13:09:00,true,1
73,3,8,2025-10-11 12:01:00,2025-10-11 12:10:00,true,1
74,3,5,2025-10-14 17:25:00,2025-10-14 18:07:00,false,1
75,3,5,2025-10-14 14:01:00,2025-10-14 14:16:00,false,2
76,3,5,2025-10-14 13:11:00,2025-10-14 13:56:00,false,3
77,3,5,2025-10-14 13:02:00,2025-10-14 13:16:00,true,4
78,3,7,2025-10-16 12:16:00,2025-10-16 12:20:00,false,1
79,3,7,2025-10-16 15:00:00,2025-10-16 15:19:00,true,2
80,3,2,2025-10-16 12:23:00,2025-10-16 12:39:00,false,1
81,3,2,2025-10-16 10:42:00,2025-10-16 10:55:00,false,2
82,3,2,2025-10-16 14:42:00,2025-10-16 14:48:00,true,3
83,3,7,2025-10-18 13:35:00,2025-10-18 13:42:00,false,1
84,3,7,2025-10-18 12:26:00,2025-10-18 12:41:00,true,2
85,3,6,2025-10-18 13:25:00,2025-10-18 14:08:00,false,1
86,3,6,2025-10-18 09:19:00,2025-10-18 09:45:00,false,2
87,3,6,2025-10-18 12:27:00,2025-10-18 13:12:00,true,3
88,3,10,2025-11-18 15:00:00,2025-11-18 15:28:00,false,1
89,3,10,2025-11-22 13:00:00,2025-11-22 13:25:00,false,2
90,3,10,2025-10-26 12:00:00,2025-10-26 12:47:00,false,3
91,3,10,2025-11-30 14:00:00,2025-11-30 14:36:00,false,4
92,3,10,2025-10-26 16:00:00,2025-10-26 16:30:00,false,5
93,4,7,2025-10-01 11:51:00,2025-10-01 12:10:00,true,1
94,4,8,2025-10-03 16:42:00,2025-10-03 17:01:00,true,1
95,4,7,2025-10-06 16:57:00,2025-10-06 17:05:00,false,1
96,4,7,2025-10-06 16:28:00,2025-10-06 16:39:00,false,2
97,4,7,2025-10-06 12:53:00,2025-10-06 13:04:00,true,3
98,4,8,2025-10-06 16:40:00,2025-10-06 16:50:00,false,1
99,4,8,2025-10-06 13:28:00,2025-10-06 13:33:00,false,2
100,4,8,2025-10-06 13:15:00,2025-10-06 13:26:00,true,3
101,4,3,2025-10-07 15:44:00,2025-10-07 15:51:00,true,1
102,4,7,2025-10-09 16:26:00,2025-10-09 16:30:00,false,1
103,4,7,2025-10-09 12:53:00,2025-10-09 13:09:00,false,2
104,4,7,2025-10-09 15:57:00,2025-10-09 16:00:00,true,3
105,4,3,2025-10-09 15:30:00,2025-10-09 15:33:00,false,1
106,4,3,2025-10-09 14:19:00,2025-10-09 14:34:00,false,2
107,4,3,2025-10-09 15:34:00,2025-10-09 15:54:00,true,3
108,4,4,2025-10-11 16:01:00,2025-10-11 16:16:00,false,1
109,4,4,2025-10-11 14:42:00,2025-10-11 14:57:00,true,2
110,4,3,2025-10-11 11:39:00,2025-10-11 11:59:00,false,1
111,4,3,2025-10-11 09:58:00,2025-10-11 10:13:00,true,2
112,4,9,2025-11-17 11:00:00,2025-11-17 11:44:00,false,1
113,4,9,2025-11-01 10:00:00,2025-11-01 10:31:00,false,2
114,5,1,2025-10-01 12:53:00,2025-10-01 12:56:00,true,1
115,5,4,2025-10-03 10:36:00,2025-10-03 10:45:00,false,1
116,5,4,2025-10-03 16:44:00,2025-10-03 16:55:00,false,2
117,5,4,2025-10-03 14:10:00,2025-10-03 14:16:00,true,3
118,5,1,2025-10-05 13:36:00,2025-10-05 13:51:00,true,1
119,5,5,2025-10-05 10:37:00,2025-10-05 11:00:00,false,1
120,5,5,2025-10-05 10:44:00,2025-10-05 11:11:00,false,2
121,5,5,2025-10-05 10:50:00,2025-10-05 11:34:00,true,3
122,5,6,2025-10-08 17:41:00,2025-10-08 18:10:00,false,1
123,5,6,2025-10-08 09:54:00,2025-10-08 10:28:00,true,2
124,5,3,2025-10-08 15:23:00,2025-10-08 15:40:00,true,1
125,5,7,2025-11-29 16:00:00,2025-11-29 16:49:00,false,1
126,5,7,2025-11-20 13:00:00,2025-11-20 13:42:00,false,2
127,5,7,2025-11-27 12:00:00,2025-11-27 12:35:00,false,3
128,5,7,2025-11-05 16:00:00,2025-11-05 16:20:00,false,4
129,6,3,2025-10-02 09:33:00,2025-10-02 09:42:00,false,1
130,6,3,2025-10-02 10:15:00,2025-10-02 10:31:00,false,2
131,6,3,2025-10-02 16:35:00,2025-10-02 16:45:00,true,3
132,6,5,2025-10-02 16:50:00,2025-10-02 16:59:00,false,1
133,6,5,2025-10-02 10:18:00,2025-10-02 10:40:00,false,2
134,6,5,2025-10-02 15:44:00,2025-10-02 16:07:00,false,3
135,6,5,2025-10-02 13:42:00,2025-10-02 14:27:00,false,4
136,6,5,2025-10-02 14:30:00,2025-10-02 15:13:00,true,5
137,6,3,2025-10-04 13:16:00,2025-10-04 13:26:00,false,1
138,6,3,2025-10-04 10:46:00,2025-10-04 10:55:00,true,2
139,6,4,2025-10-04 17:48:00,2025-10-04 17:56:00,false,1
140,6,4,2025-10-04 12:13:00,2025-10-04 12:31:00,false,2
141,6,4,2025-10-04 13:46:00,2025-10-04 14:05:00,true,3
142,6,3,2025-10-05 14:11:00,2025-10-05 14:23:00,false,1
143,6,1,2025-10-07 13:44:00,2025-10-07 13:51:00,false,1
144,6,1,2025-10-07 16:06:00,2025-10-07 16:09:00,false,2
145,6,1,2025-10-07 13:30:00,2025-10-07 13:48:00,true,3
146,6,5,2025-10-07 09:16:00,2025-10-07 09:54:00,false,1
147,6,5,2025-10-07 10:52:00,2025-10-07 11:04:00,false,2
148,6,5,2025-10-07 15:31:00,2025-10-07 15:43:00,true,3
149,6,6,2025-10-30 16:00:00,2025-10-30 16:34:00,false,1
150,6,6,2025-10-26 11:00:00,2025-10-26 11:22:00,false,2
151,6,6,2025-11-25 16:00:00,2025-11-25 16:41:00,false,3
152,7,3,2025-10-01 10:10:00,2025-10-01 10:20:00,false,1
153,7,3,2025-10-01 11:35:00,2025-10-01 11:40:00,false,2
154,7,3,2025-10-01 11:00:00,2025-10-01 11:16:00,true,3
155,7,1,2025-10-04 13:44:00,2025-10-04 14:01:00,false,1
156,7,1,2025-10-04 10:43:00,2025-10-04 10:53:00,true,2
157,7,2,2025-10-04 12:27:00,2025-10-04 12:33:00,false,1
158,7,2,2025-10-04 17:14:00,2025-10-04 17:21:00,false,2
159,7,2,2025-10-04 13:52:00,2025-10-04 13:59:00,false,3
160,7,5,2025-10-05 16:07:00,2025-10-05 16:44:00,false,1
161,7,5,2025-10-05 13:44:00,2025-10-05 14:17:00,false,2
162,7,5,2025-10-05 13:32:00,2025-10-05 14:14:00,false,3
163,7,5,2025-10-05 16:28:00,2025-10-05 16:41:00,true,4
164,7,6,2025-10-05 14:38:00,2025-10-05 15:02:00,false,1
165,7,6,2025-10-05 09:05:00,2025-10-05 09:27:00,false,2
166,7,6,2025-10-05 09:48:00,2025-10-05 10:13:00,false,3
167,7,6,2025-10-05 09:48:00,2025-10-05 10:07:00,false,4
168,7,6,2025-10-05 16:33:00,2025-10-05 17:09:00,true,5
169,7,6,2025-10-07 16:22:00,2025-10-07 16:56:00,false,1
170,7,6,2025-10-07 14:20:00,2025-10-07 14:34:00,true,2
171,7,4,2025-10-07 15:44:00,2025-10-07 16:02:00,false,1
172,7,4,2025-10-07 13:42:00,2025-10-07 13:57:00,true,2
173,7,1,2025-10-09 14:07:00,2025-10-09 14:22:00,false,1
174,7,1,2025-10-09 17:52:00,2025-10-09 17:55:00,true,2
175,7,3,2025-10-09 16:26:00,2025-10-09 16:30:00,false,1
176,7,3,2025-10-09 12:33:00,2025-10-09 12:47:00,false,2
177,7,3,2025-10-09 16:40:00,2025-10-09 16:57:00,true,3
178,7,5,2025-10-11 16:56:00,2025-10-11 17:35:00,false,1
179,7,5,2025-10-11 10:01:00,2025-10-11 10:24:00,false,2
180,7,5,2025-10-11 11:19:00,2025-10-11 12:02:00,false,3
181,7,5,2025-10-11 09:35:00,2025-10-11 10:09:00,false,4
182,7,2,2025-10-11 16:07:00,2025-10-11 16:14:00,true,1
183,7,4,2025-10-14 12:29:00,2025-10-14 12:49:00,false,1
184,7,4,2025-10-14 11:24:00,2025-10-14 11:33:00,true,2
185,7,7,2025-10-14 11:55:00,2025-10-14 12:00:00,false,1
186,7,7,2025-10-14 13:49:00,2025-10-14 14:05:00,false,2
187,7,7,2025-10-14 14:59:00,2025-10-14 15:18:00,true,3
188,7,6,2025-10-15 11:28:00,2025-10-15 12:10:00,false,1
189,7,6,2025-10-15 16:22:00,2025-10-15 16:51:00,false,2
190,7,6,2025-10-15 17:48:00,2025-10-15 18:30:00,false,3
191,7,6,2025-10-15 15:29:00,2025-10-15 15:57:00,false,4
192,7,6,2025-10-15 12:44:00,2025-10-15 13:07:00,true,5
193,7,3,2025-10-15 15:02:00,2025-10-15 15:15:00,true,1
194,7,8,2025-11-14 15:00:00,2025-11-14 15:24:00,false,1
195,7,8,2025-11-21 10:00:00,2025-11-21 10:23:00,false,2
196,7,8,2025-11-22 14:00:00,2025-11-22 14:36:00,false,3
197,7,8,2025-10-27 16:00:00,2025-10-27 16:43:00,false,4
198,7,8,2025-10-27 14:00:00,2025-10-27 14:44:00,false,5
199,8,3,2025-10-02 16:55:00,2025-10-02 17:15:00,false,1
200,8,3,2025-10-02 09:39:00,2025-10-02 09:44:00,false,2
201,8,3,2025-10-02 12:40:00,2025-10-02 12:52:00,true,3
202,8,4,2025-10-02 10:27:00,2025-10-02 10:33:00,false,1
203,8,4,2025-10-02 10:28:00,2025-10-02 10:36:00,false,2
204,8,4,2025-10-02 13:57:00,2025-10-02 14:00:00,false,3
205,8,3,2025-10-03 11:15:00,2025-10-03 11:34:00,false,1
206,8,3,2025-10-03 15:36:00,2025-10-03 15:44:00,true,2
207,8,2,2025-10-03 15:39:00,2025-10-03 15:49:00,true,1
208,8,4,2025-10-05 13:29:00,2025-10-05 13:40:00,false,1
209,8,4,2025-10-05 09:57:00,2025-10-05 10:14:00,false,2
210,8,4,2025-10-05 13:43:00,2025-10-05 14:03:00,true,3
211,8,3,2025-10-08 13:29:00,2025-10-08 13:41:00,false,1
212,8,3,2025-10-08 12:24:00,2025-10-08 12:42:00,true,2
213,8,4,2025-10-08 14:36:00,2025-10-08 14:48:00,false,1
214,8,4,2025-10-08 13:01:00,2025-10-08 13:16:00,true,2
215,8,5,2025-11-28 15:00:00,2025-11-28 15:46:00,false,1
216,8,5,2025-11-08 16:00:00,2025-11-08 16:29:00,false,2
217,9,3,2025-10-01 15:11:00,2025-10-01 15:20:00,false,1
218,9,3,2025-10-01 11:50:00,2025-10-01 12:10:00,true,2
219,9,7,2025-10-04 16:51:00,2025-10-04 17:03:00,false,1
220,9,7,2025-10-04 14:51:00,2025-10-04 14:57:00,true,2
221,9,2,2025-10-04 11:48:00,2025-10-04 11:58:00,true,1
222,9,1,2025-10-06 13:34:00,2025-10-06 13:40:00,true,1
223,9,4,2025-10-06 13:37:00,2025-10-06 13:52:00,false,1
224,9,4,2025-10-06 14:06:00,2025-10-06 14:16:00,false,2
225,9,4,2025-10-06 16:01:00,2025-10-06 16:21:00,true,3
226,9,6,2025-10-07 13:41:00,2025-10-07 14:15:00,false,1
227,9,6,2025-10-07 10:08:00,2025-10-07 10:18:00,false,2
228,9,6,2025-10-07 09:19:00,2025-10-07 09:58:00,false,3
229,9,6,2025-10-07 10:06:00,2025-10-07 10:29:00,false,4
230,9,6,2025-10-07 17:08:00,2025-10-07 17:40:00,true,5
231,9,4,2025-10-10 10:53:00,2025-10-10 11:11:00,false,1
232,9,4,2025-10-10 15:17:00,2025-10-10 15:21:00,false,2
233,9,4,2025-10-10 14:13:00,2025-10-10 14:30:00,true,3
234,9,1,2025-10-11 17:57:00,2025-10-11 18:11:00,false,1
235,9,1,2025-10-11 09:25:00,2025-10-11 09:36:00,true,2
236,9,6,2025-10-11 16:05:00,2025-10-11 16:26:00,false,1
237,9,6,2025-10-11 09:03:00,2025-10-11 09:32:00,false,2
238,9,8,2025-10-25 16:00:00,2025-10-25 16:50:00,false,1
239,9,8,2025-11-03 14:00:00,2025-11-03 14:28:00,false,2
240,9,8,2025-11-04 12:00:00,2025-11-04 12:24:00,false,3
241,10,2,2025-10-01 16:28:00,2025-10-01 16:42:00,true,1
242,10,6,2025-10-01 16:32:00,2025-10-01 16:54:00,false,1
243,10,6,2025-10-01 09:46:00,2025-10-01 10:27:00,true,2
244,10,8,2025-10-03 15:43:00,2025-10-03 15:49:00,false,1
245,10,8,2025-10-03 16:45:00,2025-10-03 17:02:00,false,2
246,10,3,2025-10-05 13:39:00,2025-10-05 13:59:00,true,1
247,10,1,2025-10-05 17:18:00,2025-10-05 17:35:00,false,1
248,10,1,2025-10-05 17:38:00,2025-10-05 17:54:00,false,2
249,10,7,2025-10-07 12:26:00,2025-10-07 12:39:00,false,1
250,10,7,2025-10-07 16:25:00,2025-10-07 16:41:00,true,2
251,10,6,2025-10-10 14:09:00,2025-10-10 14:47:00,false,1
252,10,6,2025-10-10 10:05:00,2025-10-10 10:18:00,false,2
253,10,6,2025-10-10 10:27:00,2025-10-10 10:41:00,false,3
254,10,6,2025-10-10 14:51:00,2025-10-10 15:07:00,true,4
255,10,8,2025-10-10 17:35:00,2025-10-10 17:48:00,false,1
256,10,8,2025-10-10 10:26:00,2025-10-10 10:40:00,false,2
257,10,8,2025-10-10 15:55:00,2025-10-10 15:59:00,true,3
258,10,2,2025-10-12 12:09:00,2025-10-12 12:27:00,false,1
259,10,2,2025-10-12 12:54:00,2025-10-12 13:00:00,false,2
260,10,2,2025-10-12 14:54:00,2025-10-12 15:14:00,true,3
261,10,5,2025-10-12 12:51:00,2025-10-12 13:26:00,false,1
262,10,5,2025-10-12 17:49:00,2025-10-12 18:32:00,false,2
263,10,5,2025-10-12 09:38:00,2025-10-12 10:03:00,false,3
264,10,5,2025-10-12 09:11:00,2025-10-12 09:36:00,true,4
265,10,9,2025-11-12 10:00:00,2025-11-12 10:26:00,false,1
266,10,9,2025-10-30 14:00:00,2025-10-30 14:40:00,false,2
267,10,9,2025-10-25 11:00:00,2025-10-25 11:16:00,false,3
268,10,9,2025-10-26 15:00:00,2025-10-26 15:48:00,false,4
269,11,3,2025-10-01 15:31:00,2025-10-01 15:48:00,false,1
270,11,3,2025-10-01 15:17:00,2025-10-01 15:26:00,true,2
271,11,4,2025-10-03 16:33:00,2025-10-03 16:45:00,false,1
272,11,4,2025-10-03 09:14:00,2025-10-03 09:29:00,true,2
273,11,1,2025-10-03 09:13:00,2025-10-03 09:25:00,true,1
274,11,3,2025-10-05 09:31:00,2025-10-05 09:47:00,true,1
275,11,5,2025-10-05 17:45:00,2025-10-05 18:07:00,false,1
276,11,5,2025-10-05 17:35:00,2025-10-05 18:05:00,false,2
277,11,5,2025-10-05 10:25:00,2025-10-05 10:35:00,false,3
278,11,5,2025-10-05 15:01:00,2025-10-05 15:38:00,false,4
279,11,5,2025-10-05 10:55:00,2025-10-05 11:23:00,true,5
280,11,6,2025-11-08 10:00:00,2025-11-08 10:40:00,false,1
281,11,6,2025-10-22 12:00:00,2025-10-22 12:25:00,false,2
282,11,6,2025-11-29 13:00:00,2025-11-29 13:38:00,false,3
283,11,6,2025-10-26 13:00:00,2025-10-26 13:21:00,false,4
284,11,6,2025-11-05 13:00:00,2025-11-05 13:40:00,false,5
285,12,2,2025-10-01 11:48:00,2025-10-01 11:53:00,false,1
286,12,2,2025-10-01 11:49:00,2025-10-01 12:07:00,false,2
287,12,2,2025-10-01 16:48:00,2025-10-01 17:05:00,true,3
288,12,7,2025-10-01 14:55:00,2025-10-01 15:08:00,false,1
289,12,7,2025-10-01 11:28:00,2025-10-01 11:33:00,false,2
290,12,7,2025-10-01 16:28:00,2025-10-01 16:40:00,true,3
291,12,5,2025-10-03 16:28:00,2025-10-03 16:38:00,false,1
292,12,5,2025-10-03 09:23:00,2025-10-03 09:49:00,false,2
293,12,5,2025-10-03 10:41:00,2025-10-03 10:54:00,false,3
294,12,5,2025-10-03 17:24:00,2025-10-03 18:01:00,true,4
295,12,1,2025-10-03 09:28:00,2025-10-03 09:37:00,false,1
296,12,1,2025-10-03 14:38:00,2025-10-03 14:56:00,false,2
297,12,1,2025-10-03 17:09:00,2025-10-03 17:13:00,true,3
298,12,5,2025-10-06 09:15:00,2025-10-06 09:51:00,false,1
299,12,5,2025-10-06 16:33:00,2025-10-06 17:14:00,false,2
300,12,5,2025-10-06 11:23:00,2025-10-06 11:54:00,true,3
301,12,7,2025-10-08 09:50:00,2025-10-08 10:03:00,false,1
302,12,7,2025-10-08 10:21:00,2025-10-08 10:27:00,false,2
303,12,7,2025-10-08 17:43:00,2025-10-08 17:58:00,true,3
304,12,3,2025-10-08 11:21:00,2025-10-08 11:26:00,false,1
305,12,3,2025-10-08 11:58:00,2025-10-08 12:12:00,false,2
306,12,3,2025-10-08 13:41:00,2025-10-08 13:56:00,true,3
307,12,5,2025-10-09 11:42:00,2025-10-09 12:23:00,false,1
308,12,5,2025-10-09 10:41:00,2025-10-09 11:16:00,false,2
309,12,5,2025-10-09 17:23:00,2025-10-09 17:32:00,false,3
310,12,5,2025-10-09 14:19:00,2025-10-09 14:38:00,true,4
311,12,4,2025-10-09 16:12:00,2025-10-09 16:22:00,false,1
312,12,4,2025-10-09 11:09:00,2025-10-09 11:14:00,true,2
313,12,8,2025-11-11 16:00:00,2025-11-11 16:23:00,false,1
314,12,8,2025-11-28 13:00:00,2025-11-28 13:24:00,false,2
315,13,5,2025-10-02 13:51:00,2025-10-02 14:29:00,false,1
316,13,5,2025-10-02 12:23:00,2025-10-02 13:07:00,false,2
317,13,5,2025-10-02 16:29:00,2025-10-02 16:55:00,true,3
318,13,2,2025-10-04 11:55:00,2025-10-04 12:06:00,false,1
319,13,2,2025-10-04 09:41:00,2025-10-04 09:59:00,false,2
320,13,2,2025-10-04 14:35:00,2025-10-04 14:41:00,true,3
321,13,1,2025-10-05 16:57:00,2025-10-05 17:16:00,false,1
322,13,1,2025-10-05 11:53:00,2025-10-05 12:09:00,false,2
323,13,2,2025-10-05 16:56:00,2025-10-05 17:10:00,true,1
324,13,4,2025-10-08 14:15:00,2025-10-08 14:30:00,false,1
325,13,4,2025-10-08 10:23:00,2025-10-08 10:33:00,false,2
326,13,4,2025-10-08 09:20:00,2025-10-08 09:26:00,true,3
327,13,6,2025-10-29 10:00:00,2025-10-29 10:33:00,false,1
328,13,6,2025-11-20 15:00:00,2025-11-20 15:23:00,false,2
329,13,6,2025-11-20 13:00:00,2025-11-20 13:15:00,false,3
330,14,9,2025-10-02 11:18:00,2025-10-02 11:53:00,false,1
331,14,9,2025-10-02 09:39:00,2025-10-02 10:09:00,false,2
332,14,9,2025-10-02 12:36:00,2025-10-02 13:10:00,false,3
333,14,2,2025-10-03 16:02:00,2025-10-03 16:17:00,false,1
334,14,2,2025-10-03 14:16:00,2025-10-03 14:19:00,true,2
335,14,1,2025-10-03 14:15:00,2025-10-03 14:21:00,true,1
336,14,1,2025-10-06 17:21:00,2025-10-06 17:29:00,false,1
337,14,1,2025-10-06 16:44:00,2025-10-06 17:02:00,true,2
338,14,8,2025-10-07 13:12:00,2025-10-07 13:16:00,true,1
339,14,5,2025-10-09 13:02:00,2025-10-09 13:22:00,false,1
340,14,5,2025-10-09 13:22:00,2025-10-09 13:33:00,false,2
341,14,5,2025-10-09 14:17:00,2025-10-09 14:32:00,false,3
342,14,5,2025-10-09 14:27:00,2025-10-09 15:00:00,false,4
343,14,5,2025-10-09 16:57:00,2025-10-09 17:29:00,true,5
344,14,7,2025-10-09 16:44:00,2025-10-09 17:02:00,true,1
345,14,7,2025-10-12 15:38:00,2025-10-12 15:46:00,true,1
346,14,10,2025-11-10 15:00:00,2025-11-10 15:33:00,false,1
347,14,10,2025-11-09 13:00:00,2025-11-09 13:42:00,false,2
348,15,2,2025-10-01 16:02:00,2025-10-01 16:09:00,false,1
349,15,2,2025-10-01 10:15:00,2025-10-01 10:29:00,false,2
350,15,2,2025-10-01 14:24:00,2025-10-01 14:28:00,true,3
351,15,3,2025-10-04 11:33:00,2025-10-04 11:47:00,true,1
352,15,4,2025-10-04 13:15:00,2025-10-04 13:21:00,false,1
353,15,4,2025-10-04 09:47:00,2025-10-04 09:55:00,false,2
354,15,4,2025-10-04 16:33:00,2025-10-04 16:48:00,true,3
355,15,3,2025-10-05 13:44:00,2025-10-05 14:02:00,true,1
356,15,4,2025-10-05 10:28:00,2025-10-05 10:36:00,true,1
357,15,3,2025-10-08 14:45:00,2025-10-08 14:50:00,false,1
358,15,3,2025-10-08 17:34:00,2025-10-08 17:46:00,false,2
359,15,3,2025-10-08 13:54:00,2025-10-08 14:02:00,true,3
360,17,7,2025-10-02 14:41:00,2025-10-02 14:46:00,true,1
361,17,2,2025-10-02 17:22:00,2025-10-02 17:29:00,false,1
362,17,2,2025-10-02 17:40:00,2025-10-02 17:48:00,false,2
363,17,2,2025-10-02 11:27:00,2025-10-02 11:46:00,true,3
364,17,9,2025-10-03 13:10:00,2025-10-03 13:28:00,false,1
365,17,9,2025-10-03 14:59:00,2025-10-03 15:21:00,false,2
366,17,9,2025-10-03 14:33:00,2025-10-03 14:59:00,true,3
367,17,9,2025-10-06 11:40:00,2025-10-06 12:07:00,false,1
368,17,9,2025-10-06 17:05:00,2025-10-06 17:45:00,false,2
369,17,9,2025-10-06 11:37:00,2025-10-06 12:22:00,false,3
370,17,9,2025-10-06 11:10:00,2025-10-06 11:39:00,true,4
371,17,2,2025-10-07 13:41:00,2025-10-07 13:50:00,true,1
372,17,8,2025-10-10 17:18:00,2025-10-10 17:30:00,false,1
373,17,8,2025-10-10 16:15:00,2025-10-10 16:30:00,false,2
374,17,8,2025-10-10 13:29:00,2025-10-10 13:34:00,true,3
375,17,7,2025-10-11 12:21:00,2025-10-11 12:28:00,false,1
376,17,7,2025-10-11 14:55:00,2025-10-11 15:08:00,true,2
377,17,8,2025-10-11 15:08:00,2025-10-11 15:22:00,false,1
378,17,8,2025-10-11 17:35:00,2025-10-11 17:41:00,true,2
379,17,5,2025-10-14 12:09:00,2025-10-14 12:23:00,false,1
380,17,5,2025-10-14 09:18:00,2025-10-14 09:50:00,false,2
381,17,5,2025-10-14 15:15:00,2025-10-14 15:33:00,false,3
382,17,5,2025-10-14 14:59:00,2025-10-14 15:43:00,false,4
383,17,5,2025-10-14 14:12:00,2025-10-14 14:30:00,true,5
384,17,5,2025-10-16 10:25:00,2025-10-16 11:05:00,false,1
385,17,5,2025-10-16 16:15:00,2025-10-16 16:36:00,true,2
386,17,8,2025-10-16 09:18:00,2025-10-16 09:36:00,true,1
387,17,9,2025-10-18 15:08:00,2025-10-18 15:32:00,false,1
388,17,9,2025-10-18 14:48:00,2025-10-18 15:21:00,true,2
389,17,1,2025-10-18 09:36:00,2025-10-18 09:56:00,false,1
390,17,1,2025-10-18 12:23:00,2025-10-18 12:43:00,true,2
391,17,9,2025-10-20 11:06:00,2025-10-20 11:39:00,false,1
392,17,9,2025-10-20 14:50:00,2025-10-20 15:19:00,true,2
393,17,5,2025-10-20 11:12:00,2025-10-20 11:52:00,false,1
394,17,5,2025-10-20 15:32:00,2025-10-20 15:42:00,false,2
395,17,5,2025-10-20 09:02:00,2025-10-20 09:18:00,false,3
396,17,5,2025-10-20 14:51:00,2025-10-20 15:29:00,true,4
397,17,6,2025-10-21 11:25:00,2025-10-21 11:52:00,false,1
398,17,6,2025-10-21 14:32:00,2025-10-21 15:12:00,false,2
399,17,6,2025-10-21 17:31:00,2025-10-21 18:15:00,false,3
400,17,6,2025-10-21 13:30:00,2025-10-21 13:39:00,true,4
401,17,10,2025-10-23 16:16:00,2025-10-23 17:01:00,false,1
402,17,10,2025-10-23 12:46:00,2025-10-23 12:57:00,true,2
403,17,5,2025-10-23 17:40:00,2025-10-23 18:12:00,false,1
404,17,5,2025-10-23 11:52:00,2025-10-23 12:15:00,false,2
405,17,5,2025-10-23 09:36:00,2025-10-23 09:51:00,false,3
406,17,7,2025-10-26 12:26:00,2025-10-26 12:45:00,false,1
407,17,7,2025-10-26 16:55:00,2025-10-26 16:59:00,true,2
408,17,3,2025-10-26 12:35:00,2025-10-26 12:48:00,false,1
409,17,3,2025-10-26 16:33:00,2025-10-26 16:48:00,false,2
410,17,3,2025-10-26 14:11:00,2025-10-26 14:28:00,true,3
411,17,11,2025-11-06 14:00:00,2025-11-06 14:45:00,false,1
412,17,11,2025-11-02 11:00:00,2025-11-02 11:32:00,false,2
413,17,11,2025-11-25 12:00:00,2025-11-25 12:29:00,false,3
414,17,11,2025-11-09 16:00:00,2025-11-09 16:33:00,false,4
415,18,4,2025-10-02 13:59:00,2025-10-02 14:19:00,false,1
416,18,4,2025-10-02 13:08:00,2025-10-02 13:14:00,false,2
417,18,4,2025-10-02 12:15:00,2025-10-02 12:19:00,true,3
418,18,1,2025-10-03 15:21:00,2025-10-03 15:39:00,true,1
419,18,9,2025-10-05 15:41:00,2025-10-05 16:19:00,false,1
420,18,9,2025-10-05 16:41:00,2025-10-05 17:01:00,false,2
421,18,9,2025-10-05 13:20:00,2025-10-05 13:46:00,true,3
422,18,9,2025-10-07 11:26:00,2025-10-07 11:45:00,false,1
423,18,9,2025-10-07 09:53:00,2025-10-07 10:26:00,true,2
424,18,1,2025-10-09 10:59:00,2025-10-09 11:12:00,false,1
425,18,1,2025-10-09 13:29:00,2025-10-09 13:49:00,true,2
426,18,10,2025-10-09 17:29:00,2025-10-09 17:54:00,false,1
427,18,10,2025-10-09 12:51:00,2025-10-09 13:06:00,false,2
428,18,10,2025-10-09 14:10:00,2025-10-09 14:47:00,true,3
429,18,6,2025-10-11 12:11:00,2025-10-11 12:44:00,false,1
430,18,6,2025-10-11 15:32:00,2025-10-11 16:00:00,false,2
431,18,6,2025-10-11 10:25:00,2025-10-11 10:39:00,false,3
432,18,6,2025-10-11 11:08:00,2025-10-11 11:46:00,true,4
433,18,5,2025-10-13 12:28:00,2025-10-13 12:53:00,false,1
434,18,5,2025-10-13 14:19:00,2025-10-13 15:04:00,false,2
435,18,5,2025-10-13 09:16:00,2025-10-13 09:47:00,false,3
436,18,5,2025-10-13 12:03:00,2025-10-13 12:18:00,false,4
437,18,5,2025-10-13 16:19:00,2025-10-13 16:37:00,true,5
438,18,5,2025-10-16 12:14:00,2025-10-16 12:30:00,false,1
439,18,5,2025-10-16 16:09:00,2025-10-16 16:46:00,false,2
440,18,5,2025-10-16 14:26:00,2025-10-16 15:09:00,false,3
441,18,5,2025-10-16 16:48:00,2025-10-16 17:30:00,true,4
442,18,10,2025-10-17 17:28:00,2025-10-17 18:09:00,false,1
443,18,10,2025-10-17 14:04:00,2025-10-17 14:48:00,false,2
444,18,3,2025-10-19 17:28:00,2025-10-19 17:34:00,false,1
445,18,3,2025-10-19 12:45:00,2025-10-19 13:03:00,false,2
446,18,8,2025-10-22 17:26:00,2025-10-22 17:43:00,true,1
447,18,11,2025-10-22 13:00:00,2025-10-22 13:31:00,false,1
448,18,11,2025-10-21 15:00:00,2025-10-21 15:28:00,false,2
449,18,11,2025-11-27 10:00:00,2025-11-27 10:17:00,false,3
450,18,11,2025-11-17 12:00:00,2025-11-17 12:19:00,false,4
451,19,4,2025-10-02 09:19:00,2025-10-02 09:36:00,true,1
452,19,4,2025-10-04 14:09:00,2025-10-04 14:20:00,false,1
453,19,4,2025-10-04 12:59:00,2025-10-04 13:05:00,false,2
454,19,9,2025-10-04 09:15:00,2025-10-04 09:36:00,false,1
455,19,9,2025-10-04 10:06:00,2025-10-04 10:16:00,false,2
456,19,9,2025-10-04 16:38:00,2025-10-04 16:49:00,false,3
457,19,9,2025-10-04 12:47:00,2025-10-04 12:57:00,false,4
458,19,9,2025-10-04 15:28:00,2025-10-04 15:50:00,true,5
459,19,9,2025-10-05 12:52:00,2025-10-05 13:36:00,false,1
460,19,9,2025-10-05 14:36:00,2025-10-05 15:04:00,false,2
461,19,9,2025-10-05 12:19:00,2025-10-05 12:36:00,false,3
462,19,9,2025-10-05 17:14:00,2025-10-05 17:48:00,true,4
463,19,7,2025-10-07 16:03:00,2025-10-07 16:17:00,false,1
464,19,7,2025-10-07 15:50:00,2025-10-07 16:09:00,false,2
465,19,7,2025-10-07 14:44:00,2025-10-07 15:00:00,true,3
466,19,3,2025-10-10 12:19:00,2025-10-10 12:26:00,true,1
467,19,8,2025-10-10 17:26:00,2025-10-10 17:42:00,true,1
468,19,4,2025-10-11 14:41:00,2025-10-11 14:46:00,true,1
469,19,5,2025-10-11 10:34:00,2025-10-11 10:54:00,false,1
470,19,5,2025-10-11 09:17:00,2025-10-11 09:49:00,false,2
471,19,5,2025-10-11 09:55:00,2025-10-11 10:07:00,false,3
472,19,5,2025-10-11 12:51:00,2025-10-11 13:36:00,true,4
473,19,4,2025-10-13 09:13:00,2025-10-13 09:22:00,false,1
474,19,4,2025-10-13 10:47:00,2025-10-13 11:05:00,true,2
475,19,6,2025-10-13 15:58:00,2025-10-13 16:21:00,false,1
476,19,6,2025-10-13 17:20:00,2025-10-13 17:46:00,false,2
477,19,6,2025-10-13 15:29:00,2025-10-13 16:11:00,true,3
478,19,10,2025-11-22 13:00:00,2025-11-22 13:44:00,false,1
479,19,10,2025-10-27 16:00:00,2025-10-27 16:45:00,false,2
480,19,10,2025-11-10 11:00:00,2025-11-10 11:38:00,false,3
481,19,10,2025-11-10 13:00:00,2025-11-10 13:17:00,false,4
482,20,8,2025-10-02 11:46:00,2025-10-02 12:00:00,false,1
483,20,8,2025-10-02 11:08:00,2025-10-02 11:28:00,true,2
484,20,9,2025-10-02 17:02:00,2025-10-02 17:14:00,false,1
485,20,9,2025-10-02 09:48:00,2025-10-02 09:56:00,true,2
486,20,3,2025-10-03 12:32:00,2025-10-03 12:49:00,true,1
487,20,1,2025-10-06 17:26:00,2025-10-06 17:29:00,false,1
488,20,1,2025-10-06 09:33:00,2025-10-06 09:44:00,false,2
489,20,1,2025-10-06 17:18:00,2025-10-06 17:21:00,true,3
490,20,9,2025-10-06 11:06:00,2025-10-06 11:20:00,false,1
491,20,9,2025-10-06 17:09:00,2025-10-06 17:32:00,false,2
492,20,9,2025-10-06 12:39:00,2025-10-06 13:20:00,false,3
493,20,9,2025-10-06 13:52:00,2025-10-06 14:22:00,false,4
494,20,9,2025-10-06 13:50:00,2025-10-06 14:23:00,false,5
495,20,4,2025-10-08 10:41:00,2025-10-08 10:45:00,false,1
496,20,4,2025-10-08 10:25:00,2025-10-08 10:40:00,true,2
497,20,9,2025-10-08 09:40:00,2025-10-08 09:48:00,false,1
498,20,9,2025-10-08 11:05:00,2025-10-08 11:44:00,false,2
499,20,9,2025-10-08 15:41:00,2025-10-08 16:10:00,false,3
500,20,9,2025-10-08 10:57:00,2025-10-08 11:38:00,false,4
501,20,9,2025-10-08 09:14:00,2025-10-08 09:35:00,true,5
502,20,1,2025-10-10 13:57:00,2025-10-10 14:17:00,false,1
503,20,1,2025-10-10 09:11:00,2025-10-10 09:24:00,false,2
504,20,1,2025-10-10 09:13:00,2025-10-10 09:20:00,true,3
505,20,2,2025-10-10 15:59:00,2025-10-10 16:04:00,false,1
506,20,2,2025-10-10 13:10:00,2025-10-10 13:20:00,false,2
507,20,2,2025-10-10 15:43:00,2025-10-10 16:03:00,true,3
508,20,9,2025-10-11 09:06:00,2025-10-11 09:41:00,false,1
509,20,9,2025-10-11 12:53:00,2025-10-11 13:05:00,false,2
510,20,9,2025-10-11 14:38:00,2025-10-11 15:11:00,false,3
511,20,9,2025-10-11 14:01:00,2025-10-11 14:26:00,true,4
512,20,4,2025-10-14 15:27:00,2025-10-14 15:35:00,false,1
513,20,4,2025-10-14 15:05:00,2025-10-14 15:17:00,false,2
514,20,4,2025-10-14 12:45:00,2025-10-14 12:50:00,false,3
515,20,6,2025-10-14 15:45:00,2025-10-14 16:02:00,false,1
516,20,6,2025-10-14 15:20:00,2025-10-14 15:51:00,false,2
517,20,6,2025-10-14 10:05:00,2025-10-14 10:13:00,true,3
518,20,5,2025-10-16 10:11:00,2025-10-16 10:46:00,false,1
519,20,5,2025-10-16 16:35:00,2025-10-16 17:18:00,false,2
520,20,5,2025-10-16 17:26:00,2025-10-16 17:40:00,false,3
521,20,2,2025-10-16 17:05:00,2025-10-16 17:18:00,false,1
522,20,2,2025-10-16 15:00:00,2025-10-16 15:12:00,true,2
523,20,9,2025-10-17 15:10:00,2025-10-17 15:26:00,false,1
524,20,9,2025-10-17 13:19:00,2025-10-17 13:44:00,false,2
525,20,9,2025-10-17 16:09:00,2025-10-17 16:21:00,false,3
526,20,5,2025-10-20 14:16:00,2025-10-20 14:39:00,false,1
527,20,5,2025-10-20 16:38:00,2025-10-20 16:58:00,true,2
528,20,8,2025-10-20 13:00:00,2025-10-20 13:15:00,true,1
529,20,10,2025-11-18 12:00:00,2025-11-18 12:42:00,false,1
530,20,10,2025-11-28 11:00:00,2025-11-28 11:34:00,false,2
531,20,10,2025-11-10 14:00:00,2025-11-10 14:27:00,false,3
532,20,10,2025-11-20 12:00:00,2025-11-20 12:26:00,false,4
533,21,2,2025-10-02 12:37:00,2025-10-02 12:57:00,false,1
534,21,2,2025-10-02 11:43:00,2025-10-02 12:03:00,false,2
535,21,2,2025-10-02 09:46:00,2025-10-02 10:03:00,true,3
536,21,1,2025-10-02 16:51:00,2025-10-02 17:03:00,true,1
537,21,3,2025-11-21 11:00:00,2025-11-21 11:34:00,false,1
538,21,3,2025-11-05 12:00:00,2025-11-05 12:24:00,false,2
539,21,3,2025-11-17 16:00:00,2025-11-17 16:39:00,false,3
540,21,3,2025-10-25 13:00:00,2025-10-25 13:45:00,false,4
541,21,3,2025-11-27 13:00:00,2025-11-27 13:49:00,false,5
542,22,1,2025-10-01 15:48:00,2025-10-01 16:01:00,false,1
543,22,1,2025-10-01 15:06:00,2025-10-01 15:09:00,false,2
544,22,1,2025-10-01 10:16:00,2025-10-01 10:26:00,true,3
545,22,3,2025-10-01 17:37:00,2025-10-01 17:47:00,false,1
546,22,3,2025-10-01 16:23:00,2025-10-01 16:38:00,false,2
547,22,3,2025-10-01 16:49:00,2025-10-01 17:08:00,true,3
548,22,1,2025-10-03 10:07:00,2025-10-03 10:14:00,false,1
549,22,1,2025-10-03 14:19:00,2025-10-03 14:32:00,true,2
550,22,2,2025-10-03 17:30:00,2025-10-03 17:44:00,true,1
551,22,4,2025-11-10 10:00:00,2025-11-10 10:34:00,false,1
552,22,4,2025-10-23 16:00:00,2025-10-23 16:22:00,false,2
553,22,4,2025-10-22 16:00:00,2025-10-22 16:36:00,false,3
554,22,4,2025-10-27 15:00:00,2025-10-27 15:25:00,false,4
555,22,4,2025-11-05 14:00:00,2025-11-05 14:26:00,false,5
556,23,2,2025-10-01 11:23:00,2025-10-01 11:36:00,false,1
557,23,2,2025-10-01 12:29:00,2025-10-01 12:35:00,false,2
558,23,2,2025-10-01 13:42:00,2025-10-01 14:00:00,true,3
559,23,9,2025-10-01 15:39:00,2025-10-01 16:12:00,false,1
560,23,9,2025-10-01 10:22:00,2025-10-01 10:52:00,false,2
561,23,9,2025-10-01 16:39:00,2025-10-01 16:58:00,false,3
562,23,9,2025-10-01 13:58:00,2025-10-01 14:43:00,false,4
563,23,2,2025-10-03 10:11:00,2025-10-03 10:25:00,false,1
564,23,2,2025-10-03 11:32:00,2025-10-03 11:47:00,true,2
565,23,4,2025-10-03 15:27:00,2025-10-03 15:35:00,true,1
566,23,8,2025-10-05 11:11:00,2025-10-05 11:24:00,false,1
567,23,8,2025-10-05 16:39:00,2025-10-05 16:43:00,true,2
568,23,3,2025-10-07 17:32:00,2025-10-07 17:50:00,false,1
569,23,3,2025-10-07 15:43:00,2025-10-07 16:01:00,true,2
570,23,4,2025-10-07 16:10:00,2025-10-07 16:15:00,false,1
571,23,4,2025-10-07 09:50:00,2025-10-07 10:00:00,true,2
572,23,9,2025-10-10 11:49:00,2025-10-10 12:26:00,false,1
573,23,9,2025-10-10 16:35:00,2025-10-10 17:15:00,false,2
574,23,9,2025-10-10 10:36:00,2025-10-10 10:51:00,false,3
575,23,9,2025-10-10 13:49:00,2025-10-10 14:31:00,true,4
576,23,8,2025-10-12 12:27:00,2025-10-12 12:33:00,false,1
577,23,8,2025-10-12 12:19:00,2025-10-12 12:23:00,false,2
578,23,8,2025-10-12 16:16:00,2025-10-12 16:30:00,true,3
579,23,2,2025-10-13 14:55:00,2025-10-13 15:11:00,true,1
580,23,4,2025-10-13 12:52:00,2025-10-13 13:01:00,true,1
581,23,9,2025-10-16 13:18:00,2025-10-16 14:02:00,false,1
582,23,9,2025-10-16 13:54:00,2025-10-16 14:34:00,false,2
583,23,9,2025-10-16 10:08:00,2025-10-16 10:42:00,false,3
584,23,9,2025-10-16 09:17:00,2025-10-16 09:33:00,true,4
585,23,3,2025-10-16 12:09:00,2025-10-16 12:22:00,true,1
586,23,3,2025-10-18 15:24:00,2025-10-18 15:41:00,false,1
587,23,3,2025-10-18 10:40:00,2025-10-18 10:45:00,false,2
588,23,3,2025-10-18 15:32:00,2025-10-18 15:43:00,true,3
589,23,5,2025-10-18 16:31:00,2025-10-18 16:59:00,false,1
590,23,5,2025-10-18 09:55:00,2025-10-18 10:08:00,false,2
591,23,5,2025-10-18 16:40:00,2025-10-18 17:10:00,false,3
592,23,5,2025-10-18 10:50:00,2025-10-18 11:32:00,true,4
593,23,8,2025-10-20 14:53:00,2025-10-20 15:05:00,false,1
594,23,8,2025-10-20 14:35:00,2025-10-20 14:42:00,true,2
595,23,10,2025-10-24 10:00:00,2025-10-24 10:21:00,false,1
596,23,10,2025-11-30 16:00:00,2025-11-30 16:44:00,false,2
597,23,10,2025-10-22 10:00:00,2025-10-22 10:25:00,false,3
598,23,10,2025-11-18 13:00:00,2025-11-18 13:15:00,false,4
599,24,9,2025-10-01 09:00:00,2025-10-01 09:29:00,false,1
600,24,9,2025-10-01 10:55:00,2025-10-01 11:30:00,false,2
601,24,9,2025-10-01 11:30:00,2025-10-01 11:42:00,false,3
602,24,9,2025-10-01 12:24:00,2025-10-01 12:37:00,false,4
603,24,9,2025-10-01 10:06:00,2025-10-01 10:34:00,true,5
604,24,7,2025-10-04 11:04:00,2025-10-04 11:23:00,true,1
605,24,6,2025-10-05 15:39:00,2025-10-05 16:15:00,false,1
606,24,6,2025-10-05 12:05:00,2025-10-05 12:19:00,false,2
607,24,6,2025-10-05 11:48:00,2025-10-05 12:03:00,true,3
608,24,4,2025-10-05 14:27:00,2025-10-05 14:40:00,false,1
609,24,4,2025-10-05 11:15:00,2025-10-05 11:26:00,true,2
610,24,12,2025-10-07 13:13:00,2025-10-07 13:32:00,false,1
611,24,12,2025-10-07 17:12:00,2025-10-07 17:27:00,false,2
612,24,12,2025-10-07 13:41:00,2025-10-07 13:45:00,true,3
613,24,1,2025-10-07 16:24:00,2025-10-07 16:30:00,true,1
614,24,6,2025-10-09 11:24:00,2025-10-09 12:08:00,false,1
615,24,6,2025-10-09 15:23:00,2025-10-09 16:05:00,false,2
616,24,6,2025-10-09 11:48:00,2025-10-09 12:26:00,false,3
617,24,6,2025-10-09 10:01:00,2025-10-09 10:46:00,false,4
618,24,1,2025-10-12 15:32:00,2025-10-12 15:44:00,true,1
619,24,12,2025-10-14 17:34:00,2025-10-14 17:41:00,true,1
620,24,7,2025-10-14 10:32:00,2025-10-14 10:41:00,false,1
621,24,7,2025-10-14 11:34:00,2025-10-14 11:47:00,true,2
622,24,12,2025-10-15 12:03:00,2025-10-15 12:13:00,false,1
623,24,12,2025-10-15 10:59:00,2025-10-15 11:15:00,false,2
624,24,12,2025-10-15 10:29:00,2025-10-15 10:33:00,true,3
625,24,7,2025-10-15 11:07:00,2025-10-15 11:10:00,false,1
626,24,7,2025-10-15 11:44:00,2025-10-15 11:47:00,false,2
627,24,7,2025-10-15 11:31:00,2025-10-15 11:45:00,true,3
628,24,6,2025-10-18 13:46:00,2025-10-18 14:01:00,false,1
629,24,6,2025-10-18 09:21:00,2025-10-18 09:56:00,false,2
630,24,6,2025-10-18 13:33:00,2025-10-18 13:45:00,false,3
631,24,8,2025-10-19 09:31:00,2025-10-19 09:39:00,false,1
632,24,8,2025-10-19 14:10:00,2025-10-19 14:21:00,true,2
633,24,9,2025-10-19 12:47:00,2025-10-19 13:27:00,false,1
634,24,9,2025-10-19 09:02:00,2025-10-19 09:10:00,false,2
635,24,7,2025-10-22 09:35:00,2025-10-22 09:51:00,true,1
636,24,3,2025-10-22 15:58:00,2025-10-22 16:11:00,true,1
637,24,2,2025-10-23 09:11:00,2025-10-23 09:21:00,false,1
638,24,2,2025-10-23 17:02:00,2025-10-23 17:17:00,false,2
639,24,2,2025-10-23 10:56:00,2025-10-23 11:13:00,true,3
640,24,9,2025-10-23 14:05:00,2025-10-23 14:48:00,false,1
641,24,9,2025-10-23 16:00:00,2025-10-23 16:31:00,false,2
642,24,9,2025-10-23 12:18:00,2025-10-23 13:02:00,false,3
643,24,9,2025-10-23 13:47:00,2025-10-23 14:10:00,true,4
644,24,13,2025-11-02 15:00:00,2025-11-02 15:49:00,false,1
645,24,13,2025-11-05 11:00:00,2025-11-05 11:15:00,false,2
646,24,13,2025-11-16 10:00:00,2025-11-16 10:29:00,false,3
647,24,13,2025-11-24 12:00:00,2025-11-24 12:15:00,false,4
648,24,13,2025-11-11 10:00:00,2025-11-11 10:39:00,false,5
649,25,10,2025-10-02 15:42:00,2025-10-02 15:58:00,false,1
650,25,10,2025-10-02 12:18:00,2025-10-02 12:42:00,true,2
651,25,6,2025-10-04 12:04:00,2025-10-04 12:24:00,false,1
652,25,6,2025-10-04 11:49:00,2025-10-04 12:34:00,false,2
653,25,6,2025-10-04 10:09:00,2025-10-04 10:23:00,false,3
654,25,6,2025-10-04 11:28:00,2025-10-04 12:05:00,true,4
655,25,8,2025-10-04 17:22:00,2025-10-04 17:31:00,true,1
656,25,2,2025-10-06 13:52:00,2025-10-06 13:56:00,true,1
657,25,11,2025-10-06 11:05:00,2025-10-06 11:15:00,false,1
658,25,11,2025-10-06 14:25:00,2025-10-06 14:44:00,false,2
659,25,3,2025-10-08 16:35:00,2025-10-08 16:55:00,false,1
660,25,3,2025-10-08 12:06:00,2025-10-08 12:23:00,true,2
661,25,1,2025-10-08 10:00:00,2025-10-08 10:04:00,true,1
662,25,4,2025-10-09 14:43:00,2025-10-09 14:48:00,false,1
663,25,4,2025-10-09 13:58:00,2025-10-09 14:03:00,false,2
664,25,11,2025-10-11 11:05:00,2025-10-11 11:18:00,false,1
665,25,11,2025-10-11 10:02:00,2025-10-11 10:19:00,false,2
666,25,8,2025-10-14 15:11:00,2025-10-14 15:25:00,false,1
667,25,8,2025-10-14 12:58:00,2025-10-14 13:06:00,true,2
668,25,1,2025-10-14 11:02:00,2025-10-14 11:12:00,false,1
669,25,1,2025-10-14 13:31:00,2025-10-14 13:47:00,true,2
670,25,2,2025-10-16 15:08:00,2025-10-16 15:24:00,false,1
671,25,2,2025-10-16 12:41:00,2025-10-16 13:00:00,true,2
672,25,6,2025-10-17 14:58:00,2025-10-17 15:42:00,false,1
673,25,6,2025-10-17 17:20:00,2025-10-17 17:52:00,false,2
674,25,6,2025-10-17 13:11:00,2025-10-17 13:20:00,false,3
675,25,6,2025-10-17 14:38:00,2025-10-17 15:00:00,false,4
676,25,6,2025-10-17 09:57:00,2025-10-17 10:22:00,false,5
677,25,8,2025-10-17 17:22:00,2025-10-17 17:32:00,false,1
678,25,8,2025-10-17 11:06:00,2025-10-17 11:16:00,true,2
679,25,4,2025-10-20 15:22:00,2025-10-20 15:30:00,false,1
680,25,4,2025-10-20 11:15:00,2025-10-20 11:28:00,false,2
681,25,4,2025-10-20 14:58:00,2025-10-20 15:01:00,true,3
682,25,10,2025-10-22 16:34:00,2025-10-22 17:01:00,false,1
683,25,10,2025-10-22 11:31:00,2025-10-22 11:41:00,false,2
684,25,10,2025-10-22 10:03:00,2025-10-22 10:25:00,true,3
685,25,1,2025-10-23 12:51:00,2025-10-23 12:58:00,false,1
686,25,1,2025-10-23 14:45:00,2025-10-23 14:53:00,false,2
687,25,1,2025-10-23 14:03:00,2025-10-23 14:06:00,true,3
688,25,6,2025-10-23 10:54:00,2025-10-23 11:35:00,false,1
689,25,6,2025-10-23 14:04:00,2025-10-23 14:35:00,false,2
690,25,6,2025-10-23 15:37:00,2025-10-23 15:51:00,true,3
691,25,12,2025-11-17 16:00:00,2025-11-17 16:46:00,false,1
692,25,12,2025-11-10 11:00:00,2025-11-10 11:50:00,false,2
693,25,12,2025-11-29 16:00:00,2025-11-29 16:37:00,false,3
694,26,4,2025-10-01 14:47:00,2025-10-01 14:52:00,true,1
695,26,6,2025-10-04 14:28:00,2025-10-04 14:36:00,false,1
696,26,6,2025-10-04 13:13:00,2025-10-04 13:36:00,true,2
697,26,7,2025-10-06 09:03:00,2025-10-06 09:18:00,false,1
698,26,7,2025-10-06 16:46:00,2025-10-06 17:02:00,false,2
699,26,7,2025-10-06 11:56:00,2025-10-06 12:12:00,true,3
700,26,1,2025-10-06 14:34:00,2025-10-06 14:49:00,false,1
701,26,1,2025-10-06 10:53:00,2025-10-06 11:11:00,true,2
702,26,4,2025-10-07 09:18:00,2025-10-07 09:21:00,true,1
703,26,3,2025-10-09 15:10:00,2025-10-09 15:15:00,true,1
704,26,5,2025-10-11 09:27:00,2025-10-11 09:45:00,false,1
705,26,5,2025-10-11 15:10:00,2025-10-11 15:21:00,false,2
706,26,5,2025-10-11 10:21:00,2025-10-11 10:42:00,false,3
707,26,5,2025-10-11 12:26:00,2025-10-11 13:09:00,false,4
708,26,5,2025-10-11 17:16:00,2025-10-11 17:42:00,false,5
709,26,7,2025-10-11 09:25:00,2025-10-11 09:45:00,true,1
710,26,3,2025-10-13 15:05:00,2025-10-13 15:17:00,true,1
711,26,8,2025-11-02 10:00:00,2025-11-02 10:16:00,false,1
712,26,8,2025-11-03 11:00:00,2025-11-03 11:33:00,false,2
713,26,8,2025-10-26 13:00:00,2025-10-26 13:22:00,false,3
714,26,8,2025-11-09 16:00:00,2025-11-09 16:40:00,false,4
715,26,8,2025-11-20 13:00:00,2025-11-20 13:31:00,false,5
716,27,6,2025-10-01 10:42:00,2025-10-01 11:12:00,false,1
717,27,6,2025-10-01 17:26:00,2025-10-01 18:11:00,false,2
718,27,5,2025-10-03 12:30:00,2025-10-03 12:57:00,false,1
719,27,5,2025-10-03 10:25:00,2025-10-03 10:35:00,false,2
720,27,5,2025-10-03 17:36:00,2025-10-03 18:17:00,false,3
721,27,5,2025-10-03 11:07:00,2025-10-03 11:43:00,false,4
722,27,5,2025-10-03 11:10:00,2025-10-03 11:31:00,true,5
723,27,4,2025-10-03 09:27:00,2025-10-03 09:32:00,true,1
724,27,6,2025-10-06 13:20:00,2025-10-06 13:32:00,false,1
725,27,6,2025-10-06 10:24:00,2025-10-06 11:07:00,false,2
726,27,6,2025-10-06 15:35:00,2025-10-06 16:03:00,true,3
727,27,6,2025-10-08 10:26:00,2025-10-08 10:43:00,false,1
728,27,6,2025-10-08 11:36:00,2025-10-08 12:21:00,false,2
729,27,6,2025-10-08 10:59:00,2025-10-08 11:13:00,false,3
730,27,6,2025-10-08 10:50:00,2025-10-08 11:16:00,false,4
731,27,6,2025-10-08 17:56:00,2025-10-08 18:26:00,true,5
732,27,6,2025-10-10 09:11:00,2025-10-10 09:36:00,false,1
733,27,6,2025-10-10 15:09:00,2025-10-10 15:42:00,false,2
734,27,6,2025-10-10 09:25:00,2025-10-10 09:54:00,false,3
735,27,6,2025-10-10 12:03:00,2025-10-10 12:41:00,false,4
736,27,6,2025-10-10 13:57:00,2025-10-10 14:28:00,false,5
737,27,4,2025-10-10 13:17:00,2025-10-10 13:35:00,false,1
738,27,4,2025-10-10 10:55:00,2025-10-10 11:05:00,true,2
739,27,3,2025-10-12 10:12:00,2025-10-12 10:29:00,false,1
740,27,3,2025-10-12 12:58:00,2025-10-12 13:14:00,false,2
741,27,3,2025-10-12 16:48:00,2025-10-12 17:07:00,true,3
742,27,4,2025-10-12 17:50:00,2025-10-12 17:58:00,false,1
743,27,5,2025-10-14 11:12:00,2025-10-14 11:32:00,false,1
744,27,5,2025-10-14 09:15:00,2025-10-14 09:25:00,true,2
745,28,3,2025-10-02 12:54:00,2025-10-02 13:04:00,false,1
746,28,3,2025-10-02 12:43:00,2025-10-02 12:52:00,false,2
747,28,3,2025-10-02 13:41:00,2025-10-02 13:57:00,true,3
748,28,3,2025-10-03 09:14:00,2025-10-03 09:25:00,false,1
749,28,3,2025-10-03 13:45:00,2025-10-03 13:56:00,false,2
750,28,3,2025-10-03 15:57:00,2025-10-03 16:12:00,true,3
751,28,10,2025-10-03 13:13:00,2025-10-03 13:50:00,false,1
752,28,10,2025-10-03 13:43:00,2025-10-03 14:24:00,false,2
753,28,10,2025-10-03 15:37:00,2025-10-03 15:51:00,false,3
754,28,10,2025-10-03 09:32:00,2025-10-03 10:03:00,false,4
755,28,10,2025-10-03 17:41:00,2025-10-03 18:07:00,false,5
756,28,2,2025-10-05 14:55:00,2025-10-05 15:06:00,false,1
757,28,2,2025-10-05 13:41:00,2025-10-05 13:53:00,true,2
758,28,6,2025-10-05 09:51:00,2025-10-05 10:24:00,false,1
759,28,6,2025-10-05 14:43:00,2025-10-05 14:59:00,false,2
760,28,6,2025-10-05 09:41:00,2025-10-05 10:20:00,true,3
761,28,7,2025-10-08 09:37:00,2025-10-08 09:46:00,false,1
762,28,7,2025-10-08 14:46:00,2025-10-08 14:56:00,false,2
763,28,7,2025-10-08 17:40:00,2025-10-08 17:58:00,true,3
764,28,10,2025-10-08 17:19:00,2025-10-08 17:37:00,false,1
765,28,10,2025-10-08 17:11:00,2025-10-08 17:37:00,false,2
766,28,10,2025-10-08 10:30:00,2025-10-08 10:46:00,false,3
767,28,10,2025-10-08 13:46:00,2025-10-08 14:29:00,true,4
768,28,2,2025-10-09 12:47:00,2025-10-09 12:59:00,false,1
769,28,2,2025-10-09 15:50:00,2025-10-09 16:03:00,true,2
770,28,4,2025-10-09 13:29:00,2025-10-09 13:35:00,false,1
771,28,4,2025-10-09 16:03:00,2025-10-09 16:08:00,false,2
772,28,4,2025-10-09 16:56:00,2025-10-09 17:05:00,true,3
773,28,7,2025-10-12 11:12:00,2025-10-12 11:25:00,true,1
774,28,1,2025-10-12 16:09:00,2025-10-12 16:22:00,false,1
775,28,1,2025-10-12 11:49:00,2025-10-12 11:54:00,false,2
776,28,1,2025-10-12 16:21:00,2025-10-12 16:29:00,true,3
777,28,8,2025-10-13 12:48:00,2025-10-13 12:56:00,false,1
778,28,8,2025-10-13 11:31:00,2025-10-13 11:36:00,true,2
779,28,7,2025-10-16 15:00:00,2025-10-16 15:04:00,false,1
780,28,7,2025-10-16 17:12:00,2025-10-16 17:26:00,true,2
781,28,10,2025-10-16 17:12:00,2025-10-16 17:21:00,false,1
782,28,10,2025-10-16 09:40:00,2025-10-16 10:03:00,false,2
783,28,10,2025-10-16 12:44:00,2025-10-16 13:14:00,false,3
784,28,10,2025-10-16 13:08:00,2025-10-16 13:22:00,true,4
785,28,11,2025-10-25 16:00:00,2025-10-25 16:17:00,false,1
786,28,11,2025-11-09 12:00:00,2025-11-09 12:44:00,false,2
787,28,11,2025-11-23 14:00:00,2025-11-23 14:48:00,false,3
788,30,1,2025-10-01 12:14:00,2025-10-01 12:21:00,true,1
789,30,2,2025-10-28 12:00:00,2025-10-28 12:17:00,false,1
790,30,2,2025-11-14 15:00:00,2025-11-14 15:31:00,false,2
791,30,2,2025-11-24 14:00:00,2025-11-24 14:18:00,false,3
792,31,2,2025-10-02 09:19:00,2025-10-02 09:35:00,false,1
793,31,2,2025-10-02 10:42:00,2025-10-02 11:01:00,false,2
794,31,2,2025-10-02 13:39:00,2025-10-02 13:46:00,true,3
795,31,3,2025-10-03 10:31:00,2025-10-03 10:40:00,true,1
796,32,2,2025-10-02 12:00:00,2025-10-02 12:03:00,false,1
797,32,2,2025-10-02 10:58:00,2025-10-02 11:04:00,true,2
798,33,2,2025-10-01 09:06:00,2025-10-01 09:14:00,false,1
799,33,2,2025-10-01 09:54:00,2025-10-01 10:06:00,true,2
800,33,1,2025-10-01 14:27:00,2025-10-01 14:33:00,false,1
801,33,1,2025-10-01 10:54:00,2025-10-01 10:58:00,false,2
802,33,1,2025-10-01 09:54:00,2025-10-01 10:01:00,true,3
803,33,3,2025-11-18 14:00:00,2025-11-18 14:32:00,false,1
804,33,3,2025-10-26 12:00:00,2025-10-26 12:36:00,false,2
805,33,3,2025-11-01 10:00:00,2025-11-01 10:40:00,false,3
806,33,3,2025-11-15 13:00:00,2025-11-15 13:32:00,false,4
807,34,2,2025-10-01 16:51:00,2025-10-01 17:08:00,false,1
808,34,2,2025-10-01 11:39:00,2025-10-01 11:54:00,false,2
809,34,2,2025-10-01 14:39:00,2025-10-01 14:42:00,true,3
810,34,2,2025-10-03 16:02:00,2025-10-03 16:07:00,false,1
811,34,2,2025-10-03 13:41:00,2025-10-03 13:54:00,false,2
812,34,1,2025-10-03 17:49:00,2025-10-03 17:59:00,false,1
813,34,1,2025-10-03 14:33:00,2025-10-03 14:52:00,false,2
814,34,1,2025-10-03 10:27:00,2025-10-03 10:37:00,true,3
815,35,4,2025-10-01 12:21:00,2025-10-01 12:32:00,false,1
816,35,4,2025-10-01 09:32:00,2025-10-01 09:42:00,true,2
817,35,2,2025-10-04 16:51:00,2025-10-04 17:08:00,false,1
818,35,2,2025-10-04 10:54:00,2025-10-04 11:12:00,true,2
819,35,1,2025-10-04 16:47:00,2025-10-04 16:50:00,true,1
820,35,5,2025-10-26 16:00:00,2025-10-26 16:34:00,false,1
821,35,5,2025-11-22 14:00:00,2025-11-22 14:28:00,false,2
822,36,1,2025-10-02 12:00:00,2025-10-02 12:13:00,false,1
823,36,1,2025-10-02 14:53:00,2025-10-02 15:05:00,false,2
824,36,1,2025-10-02 17:33:00,2025-10-02 17:47:00,true,3
825,36,4,2025-10-02 11:31:00,2025-10-02 11:38:00,true,1
826,36,3,2025-10-04 12:12:00,2025-10-04 12:18:00,false,1
827,36,3,2025-10-04 15:13:00,2025-10-04 15:30:00,false,2
828,36,3,2025-10-04 12:45:00,2025-10-04 12:58:00,true,3
829,36,5,2025-11-18 13:00:00,2025-11-18 13:47:00,false,1
830,36,5,2025-10-29 13:00:00,2025-10-29 13:15:00,false,2
831,37,2,2025-10-01 14:32:00,2025-10-01 14:47:00,false,1
832,37,2,2025-10-01 15:38:00,2025-10-01 15:48:00,false,2
833,37,2,2025-10-01 13:25:00,2025-10-01 13:38:00,true,3
834,37,4,2025-10-29 13:00:00,2025-10-29 13:47:00,false,1
835,37,4,2025-11-09 16:00:00,2025-11-09 16:50:00,false,2
836,37,4,2025-11-10 15:00:00,2025-11-10 15:50:00,false,3
837,39,7,2025-10-02 10:01:00,2025-10-02 10:16:00,false,1
838,39,7,2025-10-02 11:03:00,2025-10-02 11:07:00,false,2
839,39,7,2025-10-02 12:17:00,2025-10-02 12:25:00,true,3
840,39,1,2025-10-02 13:09:00,2025-10-02 13:13:00,false,1
841,39,1,2025-10-02 13:13:00,2025-10-02 13:33:00,false,2
842,39,1,2025-10-02 09:22:00,2025-10-02 09:39:00,true,3
843,39,4,2025-10-03 09:59:00,2025-10-03 10:14:00,false,1
844,39,4,2025-10-03 15:26:00,2025-10-03 15:39:00,false,2
845,39,4,2025-10-03 17:03:00,2025-10-03 17:06:00,true,3
846,39,5,2025-10-03 16:53:00,2025-10-03 17:15:00,false,1
847,39,5,2025-10-03 14:48:00,2025-10-03 15:33:00,false,2
848,39,5,2025-10-03 17:47:00,2025-10-03 18:07:00,true,3
849,39,8,2025-10-05 10:11:00,2025-10-05 10:19:00,false,1
850,39,8,2025-10-05 17:07:00,2025-10-05 17:22:00,false,2
851,39,8,2025-10-05 09:27:00,2025-10-05 09:38:00,true,3
852,39,3,2025-10-05 11:37:00,2025-10-05 11:48:00,false,1
853,39,1,2025-10-08 14:38:00,2025-10-08 14:42:00,true,1
854,39,9,2025-10-10 14:33:00,2025-10-10 14:55:00,false,1
855,39,9,2025-10-10 11:33:00,2025-10-10 11:45:00,true,2
856,39,6,2025-10-10 15:34:00,2025-10-10 16:16:00,false,1
857,39,6,2025-10-10 15:05:00,2025-10-10 15:35:00,false,2
858,39,6,2025-10-10 12:56:00,2025-10-10 13:17:00,true,3
859,39,5,2025-10-12 17:52:00,2025-10-12 18:00:00,false,1
860,39,5,2025-10-12 10:42:00,2025-10-12 11:12:00,false,2
861,39,5,2025-10-12 16:15:00,2025-10-12 16:38:00,false,3
862,39,5,2025-10-12 09:43:00,2025-10-12 10:11:00,false,4
863,39,5,2025-10-12 15:58:00,2025-10-12 16:13:00,true,5
864,39,4,2025-10-12 13:01:00,2025-10-12 13:20:00,false,1
865,39,4,2025-10-12 14:32:00,2025-10-12 14:51:00,false,2
866,39,4,2025-10-12 16:31:00,2025-10-12 16:35:00,true,3
867,39,9,2025-10-13 11:49:00,2025-10-13 12:31:00,false,1
868,39,9,2025-10-13 17:00:00,2025-10-13 17:12:00,false,2
869,39,2,2025-10-13 12:55:00,2025-10-13 13:11:00,false,1
870,39,2,2025-10-13 10:13:00,2025-10-13 10:33:00,false,2
871,39,2,2025-10-13 15:41:00,2025-10-13 15:46:00,true,3
872,39,8,2025-10-15 14:02:00,2025-10-15 14:07:00,false,1
873,39,8,2025-10-15 10:03:00,2025-10-15 10:11:00,false,2
874,39,8,2025-10-15 13:35:00,2025-10-15 13:40:00,true,3
875,39,10,2025-11-16 13:00:00,2025-11-16 13:43:00,false,1
876,39,10,2025-11-30 13:00:00,2025-11-30 13:42:00,false,2
877,39,10,2025-11-10 10:00:00,2025-11-10 10:39:00,false,3
878,39,10,2025-10-28 14:00:00,2025-10-28 14:15:00,false,4
879,40,7,2025-10-01 13:40:00,2025-10-01 13:47:00,false,1
880,40,7,2025-10-01 13:43:00,2025-10-01 13:57:00,false,2
881,40,7,2025-10-01 09:35:00,2025-10-01 09:55:00,true,3
882,40,7,2025-10-03 17:05:00,2025-10-03 17:17:00,false,1
883,40,7,2025-10-03 12:47:00,2025-10-03 13:01:00,false,2
884,40,7,2025-10-03 12:26:00,2025-10-03 12:45:00,true,3
885,40,5,2025-10-05 10:11:00,2025-10-05 10:55:00,false,1
886,40,5,2025-10-05 09:54:00,2025-10-05 10:37:00,false,2
887,40,5,2025-10-05 16:41:00,2025-10-05 17:24:00,false,3
888,40,2,2025-10-07 16:21:00,2025-10-07 16:35:00,false,1
889,40,2,2025-10-07 11:42:00,2025-10-07 11:52:00,false,2
890,40,2,2025-10-07 10:18:00,2025-10-07 10:23:00,true,3
891,40,4,2025-10-07 16:28:00,2025-10-07 16:41:00,false,1
892,40,4,2025-10-07 13:44:00,2025-10-07 13:51:00,true,2
893,40,7,2025-10-10 14:15:00,2025-10-10 14:25:00,true,1
894,40,3,2025-10-10 15:17:00,2025-10-10 15:31:00,false,1
895,40,3,2025-10-10 11:43:00,2025-10-10 11:56:00,false,2
896,40,3,2025-10-10 16:29:00,2025-10-10 16:46:00,true,3
897,40,9,2025-10-12 10:53:00,2025-10-12 11:18:00,false,1
898,40,9,2025-10-12 11:57:00,2025-10-12 12:39:00,false,2
899,40,9,2025-10-12 12:16:00,2025-10-12 12:28:00,true,3
900,40,2,2025-10-12 17:40:00,2025-10-12 17:43:00,true,1
901,40,1,2025-10-14 13:34:00,2025-10-14 13:54:00,false,1
902,40,1,2025-10-14 16:41:00,2025-10-14 16:48:00,false,2
903,40,1,2025-10-14 14:25:00,2025-10-14 14:35:00,true,3
904,40,8,2025-10-16 17:05:00,2025-10-16 17:20:00,false,1
905,40,8,2025-10-16 14:32:00,2025-10-16 14:35:00,false,2
906,40,8,2025-10-16 12:54:00,2025-10-16 13:02:00,true,3
907,40,10,2025-11-01 14:00:00,2025-11-01 14:24:00,false,1
908,40,10,2025-11-20 12:00:00,2025-11-20 12:17:00,false,2
909,40,10,2025-11-04 16:00:00,2025-11-04 16:46:00,false,3
910,41,5,2025-10-02 15:41:00,2025-10-02 16:13:00,false,1
911,41,5,2025-10-02 14:37:00,2025-10-02 14:49:00,false,2
912,41,5,2025-10-02 17:16:00,2025-10-02 17:48:00,true,3
913,41,6,2025-10-02 17:25:00,2025-10-02 17:55:00,false,1
914,41,6,2025-10-02 14:31:00,2025-10-02 15:09:00,false,2
915,41,6,2025-10-02 09:32:00,2025-10-02 09:48:00,true,3
916,41,5,2025-10-03 12:09:00,2025-10-03 12:28:00,false,1
917,41,5,2025-10-03 11:23:00,2025-10-03 11:38:00,false,2
918,41,5,2025-10-03 12:26:00,2025-10-03 12:55:00,false,3
919,41,5,2025-10-03 10:30:00,2025-10-03 11:08:00,true,4
920,41,1,2025-10-05 11:36:00,2025-10-05 11:44:00,true,1
921,41,2,2025-10-05 09:57:00,2025-10-05 10:04:00,false,1
922,41,2,2025-10-05 09:10:00,2025-10-05 09:21:00,false,2
923,41,2,2025-10-05 11:33:00,2025-10-05 11:48:00,true,3
924,41,1,2025-10-07 16:55:00,2025-10-07 17:13:00,false,1
925,41,1,2025-10-07 11:14:00,2025-10-07 11:30:00,true,2
926,41,2,2025-10-07 11:39:00,2025-10-07 11:58:00,false,1
927,41,2,2025-10-07 13:10:00,2025-10-07 13:23:00,false,2
928,41,2,2025-10-07 16:38:00,2025-10-07 16:43:00,true,3
929,41,7,2025-10-22 11:00:00,2025-10-22 11:48:00,false,1
930,41,7,2025-11-22 15:00:00,2025-11-22 15:41:00,false,2
931,42,8,2025-10-02 14:37:00,2025-10-02 14:43:00,false,1
932,42,8,2025-10-02 15:08:00,2025-10-02 15:19:00,true,2
933,42,5,2025-10-03 13:12:00,2025-10-03 13:20:00,false,1
934,42,5,2025-10-03 09:36:00,2025-10-03 10:17:00,false,2
935,42,5,2025-10-03 10:33:00,2025-10-03 10:41:00,false,3
936,42,5,2025-10-03 15:41:00,2025-10-03 16:02:00,false,4
937,42,5,2025-10-03 14:26:00,2025-10-03 14:57:00,false,5
938,42,5,2025-10-06 14:39:00,2025-10-06 15:04:00,false,1
939,42,5,2025-10-06 15:48:00,2025-10-06 16:09:00,false,2
940,42,5,2025-10-06 15:35:00,2025-10-06 16:18:00,false,3
941,42,5,2025-10-06 16:11:00,2025-10-06 16:42:00,false,4
942,42,5,2025-10-06 17:35:00,2025-10-06 18:13:00,false,5
943,42,9,2025-10-06 14:49:00,2025-10-06 15:22:00,false,1
944,42,9,2025-10-06 11:54:00,2025-10-06 12:09:00,false,2
945,42,9,2025-10-06 12:28:00,2025-10-06 12:46:00,false,3
946,42,9,2025-10-06 10:13:00,2025-10-06 10:53:00,true,4
947,42,3,2025-10-08 09:51:00,2025-10-08 09:56:00,false,1
948,42,3,2025-10-08 11:30:00,2025-10-08 11:46:00,false,2
949,42,6,2025-10-10 09:46:00,2025-10-10 10:18:00,false,1
950,42,6,2025-10-10 15:39:00,2025-10-10 16:20:00,false,2
951,42,8,2025-10-11 09:12:00,2025-10-11 09:31:00,false,1
952,42,8,2025-10-11 13:12:00,2025-10-11 13:16:00,true,2
953,42,1,2025-10-13 12:41:00,2025-10-13 12:44:00,false,1
954,42,1,2025-10-13 11:05:00,2025-10-13 11:16:00,true,2
955,42,7,2025-10-16 09:47:00,2025-10-16 09:52:00,false,1
956,42,7,2025-10-16 10:35:00,2025-10-16 10:47:00,false,2
957,42,7,2025-10-16 17:58:00,2025-10-16 18:12:00,true,3
958,42,4,2025-10-16 12:38:00,2025-10-16 12:47:00,false,1
959,42,4,2025-10-16 16:59:00,2025-10-16 17:14:00,true,2
960,42,7,2025-10-18 10:35:00,2025-10-18 10:40:00,false,1
961,42,7,2025-10-18 17:18:00,2025-10-18 17:31:00,false,2
962,42,7,2025-10-18 10:51:00,2025-10-18 11:10:00,true,3
963,42,7,2025-10-20 14:49:00,2025-10-20 15:06:00,true,1
964,42,8,2025-10-20 09:30:00,2025-10-20 09:36:00,false,1
965,42,8,2025-10-20 13:04:00,2025-10-20 13:19:00,false,2
966,42,8,2025-10-20 12:43:00,2025-10-20 12:53:00,true,3
967,42,11,2025-11-23 14:00:00,2025-11-23 14:15:00,false,1
968,42,11,2025-11-06 11:00:00,2025-11-06 11:33:00,false,2
969,42,11,2025-10-26 13:00:00,2025-10-26 13:36:00,false,3
970,42,11,2025-10-25 14:00:00,2025-10-25 14:26:00,false,4
971,43,8,2025-10-01 09:48:00,2025-10-01 10:08:00,false,1
972,43,8,2025-10-01 09:54:00,2025-10-01 10:12:00,false,2
973,43,8,2025-10-01 14:39:00,2025-10-01 14:52:00,true,3
974,43,3,2025-10-04 13:25:00,2025-10-04 13:35:00,false,1
975,43,3,2025-10-04 11:03:00,2025-10-04 11:22:00,false,2
976,43,3,2025-10-04 15:30:00,2025-10-04 15:50:00,false,3
977,43,7,2025-10-04 15:55:00,2025-10-04 16:03:00,false,1
978,43,7,2025-10-04 16:07:00,2025-10-04 16:26:00,true,2
979,43,4,2025-10-05 10:20:00,2025-10-05 10:34:00,false,1
980,43,4,2025-10-05 13:11:00,2025-10-05 13:31:00,true,2
981,43,6,2025-10-08 16:27:00,2025-10-08 16:48:00,false,1
982,43,6,2025-10-08 15:44:00,2025-10-08 16:15:00,false,2
983,43,6,2025-10-08 14:54:00,2025-10-08 15:27:00,false,3
984,43,3,2025-10-08 11:36:00,2025-10-08 11:46:00,true,1
985,43,7,2025-10-10 12:09:00,2025-10-10 12:16:00,false,1
986,43,7,2025-10-10 16:51:00,2025-10-10 16:54:00,true,2
987,43,6,2025-10-12 13:16:00,2025-10-12 13:59:00,false,1
988,43,6,2025-10-12 09:25:00,2025-10-12 09:39:00,false,2
989,43,6,2025-10-12 11:03:00,2025-10-12 11:24:00,false,3
990,43,6,2025-10-12 13:30:00,2025-10-12 13:44:00,false,4
991,43,6,2025-10-12 16:47:00,2025-10-12 17:16:00,false,5
992,43,6,2025-10-14 10:22:00,2025-10-14 10:42:00,false,1
993,43,6,2025-10-14 17:11:00,2025-10-14 17:37:00,false,2
994,43,6,2025-10-14 14:20:00,2025-10-14 15:00:00,false,3
995,43,6,2025-10-14 16:49:00,2025-10-14 17:25:00,false,4
996,43,6,2025-10-14 10:24:00,2025-10-14 10:50:00,true,5
997,43,1,2025-10-14 11:40:00,2025-10-14 11:53:00,true,1
998,43,2,2025-10-16 14:14:00,2025-10-16 14:27:00,true,1
999,43,9,2025-11-28 15:00:00,2025-11-28 15:40:00,false,1
1000,43,9,2025-11-07 13:00:00,2025-11-07 13:38:00,false,2
1001,43,9,2025-11-27 14:00:00,2025-11-27 14:43:00,false,3
1002,43,9,2025-11-16 11:00:00,2025-11-16 11:26:00,false,4
1003,44,4,2025-10-02 13:28:00,2025-10-02 13:35:00,false,1
1004,44,4,2025-10-02 11:33:00,2025-10-02 11:41:00,false,2
1005,44,4,2025-10-02 09:02:00,2025-10-02 09:16:00,true,3
1006,44,10,2025-10-02 16:29:00,2025-10-02 17:11:00,false,1
1007,44,10,2025-10-02 13:35:00,2025-10-02 14:11:00,false,2
1008,44,10,2025-10-02 11:44:00,2025-10-02 12:26:00,false,3
1009,44,10,2025-10-02 11:37:00,2025-10-02 12:14:00,true,4
1010,44,6,2025-10-04 10:28:00,2025-10-04 10:55:00,false,1
1011,44,6,2025-10-04 14:26:00,2025-10-04 14:50:00,false,2
1012,44,6,2025-10-04 11:19:00,2025-10-04 11:27:00,false,3
1013,44,8,2025-10-04 14:18:00,2025-10-04 14:36:00,true,1
1014,44,5,2025-10-06 13:38:00,2025-10-06 14:00:00,false,1
1015,44,5,2025-10-06 09:35:00,2025-10-06 10:06:00,false,2
1016,44,5,2025-10-06 12:26:00,2025-10-06 13:09:00,false,3
1017,44,5,2025-10-06 15:25:00,2025-10-06 15:48:00,false,4
1018,44,5,2025-10-06 11:45:00,2025-10-06 12:17:00,true,5
1019,44,1,2025-10-06 13:05:00,2025-10-06 13:21:00,true,1
1020,44,9,2025-10-08 12:54:00,2025-10-08 13:06:00,false,1
1021,44,9,2025-10-08 11:08:00,2025-10-08 11:34:00,false,2
1022,44,9,2025-10-08 10:40:00,2025-10-08 11:17:00,false,3
1023,44,9,2025-10-08 16:17:00,2025-10-08 16:56:00,false,4
1024,44,9,2025-10-08 12:20:00,2025-10-08 12:29:00,false,5
1025,44,5,2025-10-08 11:06:00,2025-10-08 11:32:00,false,1
1026,44,5,2025-10-08 13:08:00,2025-10-08 13:44:00,true,2
1027,44,3,2025-10-09 16:13:00,2025-10-09 16:26:00,true,1
1028,44,8,2025-10-12 10:53:00,2025-10-12 11:00:00,false,1
1029,44,8,2025-10-12 09:17:00,2025-10-12 09:32:00,false,2
1030,44,1,2025-10-12 11:12:00,2025-10-12 11:23:00,false,1
1031,44,1,2025-10-12 15:53:00,2025-10-12 15:56:00,true,2
1032,44,8,2025-10-13 09:12:00,2025-10-13 09:29:00,false,1
1033,44,8,2025-10-13 10:33:00,2025-10-13 10:42:00,false,2
1034,44,8,2025-10-13 16:24:00,2025-10-13 16:36:00,true,3
1035,44,4,2025-10-13 09:47:00,2025-10-13 10:07:00,true,1
1036,44,11,2025-11-02 12:00:00,2025-11-02 12:18:00,false,1
1037,44,11,2025-11-03 10:00:00,2025-11-03 10:30:00,false,2
1038,44,11,2025-11-30 13:00:00,2025-11-30 13:35:00,false,3
1039,44,11,2025-10-21 11:00:00,2025-10-21 11:32:00,false,4
1040,45,6,2025-10-01 17:50:00,2025-10-01 18:04:00,false,1
1041,45,6,2025-10-01 11:31:00,2025-10-01 11:53:00,false,2
1042,45,6,2025-10-01 14:35:00,2025-10-01 15:05:00,true,3
1043,45,1,2025-10-04 15:22:00,2025-10-04 15:29:00,false,1
1044,45,1,2025-10-04 13:57:00,2025-10-04 14:01:00,false,2
1045,45,1,2025-10-04 16:45:00,2025-10-04 17:02:00,true,3
1046,45,3,2025-10-06 14:20:00,2025-10-06 14:37:00,false,1
1047,45,3,2025-10-06 13:55:00,2025-10-06 14:15:00,false,2
1048,45,3,2025-10-06 11:04:00,2025-10-06 11:23:00,true,3
1049,45,6,2025-10-08 17:24:00,2025-10-08 17:43:00,false,1
1050,45,6,2025-10-08 09:39:00,2025-10-08 10:10:00,true,2
1051,45,4,2025-10-08 14:46:00,2025-10-08 14:51:00,true,1
1052,45,8,2025-10-10 11:39:00,2025-10-10 11:51:00,false,1
1053,45,8,2025-10-10 14:26:00,2025-10-10 14:39:00,false,2
1054,45,8,2025-10-10 10:06:00,2025-10-10 10:25:00,true,3
1055,45,3,2025-10-11 12:06:00,2025-10-11 12:24:00,true,1
1056,45,9,2025-11-21 14:00:00,2025-11-21 14:31:00,false,1
1057,45,9,2025-10-24 12:00:00,2025-10-24 12:29:00,false,2
1058,45,9,2025-11-28 15:00:00,2025-11-28 15:19:00,false,3
1059,45,9,2025-10-21 11:00:00,2025-10-21 11:46:00,false,4
1060,45,9,2025-10-26 13:00:00,2025-10-26 13:18:00,false,5
1061,46,2,2025-10-01 12:36:00,2025-10-01 12:44:00,false,1
1062,46,2,2025-10-01 17:47:00,2025-10-01 18:07:00,false,2
1063,46,2,2025-10-01 15:47:00,2025-10-01 15:53:00,true,3
1064,46,7,2025-10-01 14:43:00,2025-10-01 15:00:00,false,1
1065,46,7,2025-10-01 15:56:00,2025-10-01 16:02:00,false,2
1066,46,7,2025-10-01 11:50:00,2025-10-01 11:58:00,true,3
1067,46,5,2025-10-04 14:57:00,2025-10-04 15:25:00,false,1
1068,46,5,2025-10-04 17:20:00,2025-10-04 17:51:00,false,2
1069,46,5,2025-10-04 15:48:00,2025-10-04 16:23:00,false,3
1070,46,5,2025-10-04 14:38:00,2025-10-04 15:01:00,false,4
1071,46,5,2025-10-04 17:13:00,2025-10-04 17:45:00,true,5
1072,46,4,2025-10-06 09:46:00,2025-10-06 09:50:00,false,1
1073,46,4,2025-10-06 13:38:00,2025-10-06 13:41:00,true,2
1074,46,7,2025-10-06 09:19:00,2025-10-06 09:29:00,false,1
1075,46,7,2025-10-06 12:54:00,2025-10-06 13:07:00,false,2
1076,46,1,2025-10-08 16:22:00,2025-10-08 16:29:00,true,1
1077,46,8,2025-11-04 12:00:00,2025-11-04 12:34:00,false,1
1078,46,8,2025-10-26 14:00:00,2025-10-26 14:40:00,false,2
1079,46,8,2025-11-26 11:00:00,2025-11-26 11:19:00,false,3
1080,47,7,2025-10-01 13:33:00,2025-10-01 13:37:00,true,1
1081,47,9,2025-10-03 09:43:00,2025-10-03 10:16:00,false,1
1082,47,9,2025-10-03 16:48:00,2025-10-03 17:32:00,false,2
1083,47,9,2025-10-03 17:05:00,2025-10-03 17:27:00,true,3
1084,47,4,2025-10-03 11:08:00,2025-10-03 11:21:00,false,1
1085,47,4,2025-10-03 10:30:00,2025-10-03 10:34:00,true,2
1086,47,7,2025-10-06 15:49:00,2025-10-06 15:56:00,false,1
1087,47,7,2025-10-06 11:30:00,2025-10-06 11:50:00,false,2
1088,47,7,2025-10-06 12:31:00,2025-10-06 12:46:00,true,3
1089,47,4,2025-10-07 13:49:00,2025-10-07 14:05:00,true,1
1090,47,7,2025-10-09 14:22:00,2025-10-09 14:31:00,false,1
1091,47,7,2025-10-09 14:22:00,2025-10-09 14:25:00,true,2
1092,47,8,2025-10-11 09:59:00,2025-10-11 10:09:00,false,1
1093,47,8,2025-10-11 12:43:00,2025-10-11 12:57:00,true,2
1094,47,3,2025-10-11 10:07:00,2025-10-11 10:11:00,false,1
1095,47,3,2025-10-11 12:39:00,2025-10-11 12:46:00,false,2
1096,47,3,2025-10-11 13:00:00,2025-10-11 13:13:00,true,3
1097,47,8,2025-10-13 14:13:00,2025-10-13 14:33:00,true,1
1098,47,9,2025-10-13 17:30:00,2025-10-13 17:47:00,false,1
1099,47,9,2025-10-13 09:24:00,2025-10-13 10:09:00,false,2
1100,47,9,2025-10-13 17:02:00,2025-10-13 17:26:00,false,3
1101,47,9,2025-10-13 11:03:00,2025-10-13 11:29:00,false,4
1102,47,8,2025-10-16 09:04:00,2025-10-16 09:19:00,false,1
1103,47,8,2025-10-16 13:42:00,2025-10-16 13:56:00,false,2
1104,47,8,2025-10-16 10:01:00,2025-10-16 10:13:00,true,3
1105,47,7,2025-10-18 10:57:00,2025-10-18 11:10:00,false,1
1106,47,7,2025-10-18 16:55:00,2025-10-18 17:15:00,false,2
1107,47,7,2025-10-18 10:11:00,2025-10-18 10:20:00,true,3
1108,47,1,2025-10-20 17:19:00,2025-10-20 17:32:00,true,1
1109,47,10,2025-11-12 15:00:00,2025-11-12 15:37:00,false,1
1110,47,10,2025-11-12 15:00:00,2025-11-12 15:34:00,false,2
1111,48,1,2025-10-02 15:42:00,2025-10-02 15:49:00,false,1
1112,48,1,2025-10-02 10:46:00,2025-10-02 11:01:00,true,2
1113,48,1,2025-10-03 13:58:00,2025-10-03 14:11:00,false,1
1114,48,1,2025-10-03 16:34:00,2025-10-03 16:41:00,true,2
1115,48,2,2025-10-03 17:43:00,2025-10-03 17:52:00,true,1
1116,48,3,2025-11-17 16:00:00,2025-11-17 16:24:00,false,1
1117,48,3,2025-11-26 11:00:00,2025-11-26 11:35:00,false,2
1118,48,3,2025-10-25 14:00:00,2025-10-25 14:49:00,false,3
1119,49,11,2025-10-01 14:05:00,2025-10-01 14:23:00,true,1
1120,49,3,2025-10-04 16:08:00,2025-10-04 16:16:00,false,1
1121,49,3,2025-10-04 12:14:00,2025-10-04 12:18:00,true,2
1122,49,7,2025-10-04 13:26:00,2025-10-04 13:36:00,true,1
1123,49,2,2025-10-05 16:55:00,2025-10-05 17:13:00,true,1
1124,49,7,2025-10-08 09:38:00,2025-10-08 09:53:00,false,1
1125,49,7,2025-10-08 14:25:00,2025-10-08 14:45:00,true,2
1126,49,8,2025-10-09 09:56:00,2025-10-09 10:06:00,false,1
1127,49,8,2025-10-09 17:34:00,2025-10-09 17:49:00,true,2
1128,49,9,2025-10-11 13:28:00,2025-10-11 14:01:00,false,1
1129,49,9,2025-10-11 13:49:00,2025-10-11 14:15:00,false,2
1130,49,9,2025-10-11 16:10:00,2025-10-11 16:45:00,false,3
1131,49,1,2025-10-11 17:57:00,2025-10-11 18:04:00,true,1
1132,49,9,2025-10-14 11:49:00,2025-10-14 12:34:00,false,1
1133,49,9,2025-10-14 17:08:00,2025-10-14 17:41:00,true,2
1134,49,3,2025-10-16 12:56:00,2025-10-16 13:13:00,false,1
1135,49,3,2025-10-16 10:16:00,2025-10-16 10:29:00,true,2
1136,50,3,2025-10-01 09:26:00,2025-10-01 09:38:00,true,1
1137,50,3,2025-10-04 12:00:00,2025-10-04 12:11:00,false,1
1138,50,2,2025-10-04 16:34:00,2025-10-04 16:37:00,false,1
1139,50,2,2025-10-04 16:15:00,2025-10-04 16:24:00,true,2
1140,50,7,2025-10-06 09:15:00,2025-10-06 09:35:00,true,1
1141,50,8,2025-10-06 17:52:00,2025-10-06 18:01:00,false,1
1142,50,8,2025-10-06 09:11:00,2025-10-06 09:18:00,false,2
1143,50,8,2025-10-06 09:41:00,2025-10-06 09:55:00,false,3
1144,50,6,2025-10-07 10:26:00,2025-10-07 10:45:00,false,1
1145,50,6,2025-10-07 11:43:00,2025-10-07 12:09:00,true,2
1146,50,2,2025-10-07 17:11:00,2025-10-07 17:28:00,false,1
1147,50,2,2025-10-07 14:59:00,2025-10-07 15:03:00,false,2
1148,50,2,2025-10-07 10:49:00,2025-10-07 11:01:00,true,3
1149,50,7,2025-10-10 10:18:00,2025-10-10 10:36:00,false,1
1150,50,7,2025-10-10 11:07:00,2025-10-10 11:18:00,false,2
1151,50,7,2025-10-10 14:33:00,2025-10-10 14:49:00,true,3
1152,50,2,2025-10-11 17:05:00,2025-10-11 17:23:00,false,1
1153,50,2,2025-10-11 13:27:00,2025-10-11 13:40:00,false,2
1154,50,2,2025-10-11 13:33:00,2025-10-11 13:47:00,true,3
1155,50,8,2025-10-14 12:45:00,2025-10-14 12:57:00,false,1
1156,50,8,2025-10-14 12:00:00,2025-10-14 12:06:00,false,2
1157,50,8,2025-10-14 09:29:00,2025-10-14 09:35:00,true,3
1158,50,3,2025-10-14 15:26:00,2025-10-14 15:30:00,true,1
1159,50,4,2025-10-15 13:16:00,2025-10-15 13:21:00,false,1
1160,50,4,2025-10-15 13:19:00,2025-10-15 13:38:00,false,2
1161,50,4,2025-10-15 17:20:00,2025-10-15 17:23:00,true,3
1162,50,7,2025-10-18 12:21:00,2025-10-18 12:34:00,true,1
1163,50,1,2025-10-18 16:51:00,2025-10-18 16:55:00,false,1
1164,50,1,2025-10-18 11:30:00,2025-10-18 11:37:00,true,2
1165,51,3,2025-10-02 15:11:00,2025-10-02 15:17:00,false,1
1166,51,3,2025-10-02 13:45:00,2025-10-02 13:58:00,false,2
1167,51,3,2025-10-02 09:17:00,2025-10-02 09:33:00,false,3
1168,51,5,2025-10-02 14:28:00,2025-10-02 14:55:00,false,1
1169,51,5,2025-10-02 12:33:00,2025-10-02 13:00:00,false,2
1170,51,5,2025-10-02 11:07:00,2025-10-02 11:38:00,true,3
1171,51,8,2025-10-03 09:51:00,2025-10-03 10:09:00,false,1
1172,51,8,2025-10-03 17:09:00,2025-10-03 17:18:00,false,2
1173,51,8,2025-10-03 14:59:00,2025-10-03 15:17:00,true,3
1174,51,3,2025-10-06 17:43:00,2025-10-06 17:50:00,true,1
1175,51,7,2025-10-06 16:24:00,2025-10-06 16:43:00,true,1
1176,51,2,2025-10-08 16:56:00,2025-10-08 17:00:00,false,1
1177,51,2,2025-10-08 10:33:00,2025-10-08 10:45:00,false,2
1178,51,6,2025-10-10 12:18:00,2025-10-10 12:43:00,false,1
1179,51,6,2025-10-10 17:20:00,2025-10-10 17:56:00,false,2
1180,51,6,2025-10-10 10:17:00,2025-10-10 10:34:00,false,3
1181,51,2,2025-10-11 17:22:00,2025-10-11 17:42:00,true,1
1182,51,4,2025-10-13 13:39:00,2025-10-13 13:52:00,true,1
1183,51,2,2025-10-13 11:01:00,2025-10-13 11:19:00,true,1
1184,51,7,2025-10-15 10:27:00,2025-10-15 10:42:00,true,1
1185,51,9,2025-11-29 12:00:00,2025-11-29 12:34:00,false,1
1186,51,9,2025-11-11 16:00:00,2025-11-11 16:27:00,false,2
1187,51,9,2025-11-24 10:00:00,2025-11-24 10:44:00,false,3
1188,51,9,2025-11-26 11:00:00,2025-11-26 11:20:00,false,4
1189,51,9,2025-11-19 10:00:00,2025-11-19 10:44:00,false,5
1190,52,4,2025-10-02 16:07:00,2025-10-02 16:21:00,true,1
1191,52,1,2025-10-02 13:49:00,2025-10-02 14:03:00,true,1
1192,52,4,2025-10-03 10:20:00,2025-10-03 10:40:00,false,1
1193,52,4,2025-10-03 10:50:00,2025-10-03 11:02:00,false,2
1194,52,4,2025-10-03 17:29:00,2025-10-03 17:44:00,true,3
1195,52,5,2025-10-05 16:24:00,2025-10-05 16:36:00,false,1
1196,52,5,2025-10-05 14:13:00,2025-10-05 14:58:00,false,2
1197,52,5,2025-10-05 15:50:00,2025-10-05 16:25:00,true,3
1198,52,2,2025-10-08 10:47:00,2025-10-08 11:05:00,false,1
1199,52,2,2025-10-08 10:37:00,2025-10-08 10:54:00,false,2
1200,52,2,2025-10-08 14:35:00,2025-10-08 14:41:00,true,3
1201,52,4,2025-10-09 10:43:00,2025-10-09 10:58:00,false,1
1202,52,4,2025-10-09 14:31:00,2025-10-09 14:35:00,false,2
1203,52,4,2025-10-09 10:13:00,2025-10-09 10:20:00,true,3
1204,52,1,2025-10-09 09:48:00,2025-10-09 09:55:00,false,1
1205,52,1,2025-10-09 11:28:00,2025-10-09 11:48:00,false,2
1206,52,1,2025-10-09 13:24:00,2025-10-09 13:41:00,true,3
1207,52,5,2025-10-12 14:05:00,2025-10-12 14:50:00,false,1
1208,52,5,2025-10-12 09:39:00,2025-10-12 10:19:00,false,2
1209,52,5,2025-10-12 15:54:00,2025-10-12 16:10:00,false,3
1210,52,5,2025-10-12 13:03:00,2025-10-12 13:34:00,false,4
1211,52,5,2025-10-12 17:03:00,2025-10-12 17:11:00,true,5
1212,52,3,2025-10-12 10:55:00,2025-10-12 11:07:00,false,1
1213,52,3,2025-10-12 09:15:00,2025-10-12 09:31:00,true,2
1214,52,7,2025-11-14 13:00:00,2025-11-14 13:39:00,false,1
1215,52,7,2025-11-17 14:00:00,2025-11-17 14:28:00,false,2
1216,52,7,2025-11-01 13:00:00,2025-11-01 13:23:00,false,3
1217,52,7,2025-11-02 14:00:00,2025-11-02 14:39:00,false,4
1218,53,7,2025-10-02 11:27:00,2025-10-02 11:30:00,true,1
1219,53,6,2025-10-02 17:17:00,2025-10-02 17:51:00,false,1
1220,53,6,2025-10-02 17:36:00,2025-10-02 18:07:00,false,2
1221,53,6,2025-10-02 09:02:00,2025-10-02 09:46:00,true,3
1222,53,10,2025-10-04 10:09:00,2025-10-04 10:50:00,false,1
1223,53,10,2025-10-04 13:29:00,2025-10-04 14:10:00,false,2
1224,53,10,2025-10-04 10:33:00,2025-10-04 10:46:00,false,3
1225,53,10,2025-10-04 12:30:00,2025-10-04 12:42:00,false,4
1226,53,10,2025-10-04 17:51:00,2025-10-04 18:36:00,true,5
1227,53,9,2025-10-05 16:32:00,2025-10-05 17:10:00,false,1
1228,53,9,2025-10-05 14:26:00,2025-10-05 14:56:00,false,2
1229,53,9,2025-10-05 13:18:00,2025-10-05 13:36:00,false,3
1230,53,9,2025-10-05 09:44:00,2025-10-05 10:11:00,false,4
1231,53,9,2025-10-05 13:03:00,2025-10-05 13:41:00,true,5
1232,53,1,2025-10-05 09:42:00,2025-10-05 09:54:00,false,1
1233,53,1,2025-10-05 09:18:00,2025-10-05 09:36:00,false,2
1234,53,1,2025-10-05 10:08:00,2025-10-05 10:27:00,false,3
1235,53,3,2025-10-08 13:00:00,2025-10-08 13:06:00,false,1
1236,53,3,2025-10-08 11:58:00,2025-10-08 12:05:00,true,2
1237,53,5,2025-10-08 11:16:00,2025-10-08 11:39:00,false,1
1238,53,5,2025-10-08 16:11:00,2025-10-08 16:52:00,false,2
1239,53,5,2025-10-08 09:21:00,2025-10-08 09:34:00,false,3
1240,53,5,2025-10-08 11:38:00,2025-10-08 11:55:00,true,4
1241,53,4,2025-10-10 11:13:00,2025-10-10 11:27:00,false,1
1242,53,4,2025-10-10 09:41:00,2025-10-10 09:52:00,false,2
1243,53,4,2025-10-10 10:03:00,2025-10-10 10:11:00,true,3
1244,53,8,2025-10-10 13:30:00,2025-10-10 13:50:00,false,1
1245,53,8,2025-10-10 12:24:00,2025-10-10 12:39:00,true,2
1246,53,1,2025-10-11 15:43:00,2025-10-11 15:56:00,false,1
1247,53,1,2025-10-11 17:43:00,2025-10-11 17:47:00,false,2
1248,53,5,2025-10-11 15:39:00,2025-10-11 16:04:00,false,1
1249,53,5,2025-10-11 14:17:00,2025-10-11 14:42:00,false,2
1250,53,5,2025-10-11 10:16:00,2025-10-11 11:01:00,false,3
1251,53,5,2025-10-11 15:29:00,2025-10-11 15:52:00,true,4
1252,53,3,2025-10-13 09:43:00,2025-10-13 09:46:00,false,1
1253,53,3,2025-10-13 10:00:00,2025-10-13 10:16:00,false,2
1254,53,3,2025-10-13 10:33:00,2025-10-13 10:39:00,true,3
1255,53,6,2025-10-13 12:46:00,2025-10-13 13:12:00,false,1
1256,53,6,2025-10-13 13:12:00,2025-10-13 13:22:00,false,2
1257,53,6,2025-10-13 09:39:00,2025-10-13 09:52:00,false,3
1258,53,6,2025-10-13 09:38:00,2025-10-13 09:59:00,true,4
1259,53,11,2025-10-26 16:00:00,2025-10-26 16:23:00,false,1
1260,53,11,2025-11-14 15:00:00,2025-11-14 15:26:00,false,2
1261,54,8,2025-10-02 16:59:00,2025-10-02 17:08:00,true,1
1262,54,2,2025-10-03 15:13:00,2025-10-03 15:19:00,false,1
1263,54,2,2025-10-03 16:45:00,2025-10-03 16:56:00,false,2
1264,54,2,2025-10-03 10:02:00,2025-10-03 10:07:00,false,3
1265,54,3,2025-10-03 13:49:00,2025-10-03 14:06:00,false,1
1266,54,3,2025-10-03 09:57:00,2025-10-03 10:15:00,false,2
1267,54,3,2025-10-03 11:41:00,2025-10-03 11:44:00,true,3
1268,54,3,2025-10-06 09:32:00,2025-10-06 09:50:00,false,1
1269,54,3,2025-10-06 16:27:00,2025-10-06 16:42:00,true,2
1270,54,6,2025-10-06 17:14:00,2025-10-06 17:22:00,false,1
1271,54,6,2025-10-06 15:44:00,2025-10-06 16:22:00,false,2
1272,54,5,2025-10-08 10:23:00,2025-10-08 11:05:00,false,1
1273,54,5,2025-10-08 14:05:00,2025-10-08 14:42:00,true,2
1274,54,7,2025-10-08 12:11:00,2025-10-08 12:31:00,false,1
1275,54,7,2025-10-08 09:24:00,2025-10-08 09:33:00,true,2
1276,54,6,2025-10-10 10:56:00,2025-10-10 11:32:00,false,1
1277,54,6,2025-10-10 12:08:00,2025-10-10 12:18:00,false,2
1278,54,6,2025-10-10 12:01:00,2025-10-10 12:46:00,false,3
1279,54,6,2025-10-10 12:31:00,2025-10-10 13:03:00,false,4
1280,54,6,2025-10-10 10:50:00,2025-10-10 11:32:00,true,5
1281,54,1,2025-10-12 09:21:00,2025-10-12 09:25:00,false,1
1282,54,1,2025-10-12 15:07:00,2025-10-12 15:16:00,true,2
1283,54,10,2025-10-12 17:09:00,2025-10-12 17:54:00,false,1
1284,54,10,2025-10-12 12:59:00,2025-10-12 13:11:00,false,2
1285,54,10,2025-10-12 09:47:00,2025-10-12 10:04:00,false,3
1286,54,10,2025-10-12 16:41:00,2025-10-12 16:50:00,false,4
1287,54,10,2025-10-12 16:58:00,2025-10-12 17:08:00,false,5
1288,54,3,2025-10-13 09:57:00,2025-10-13 10:09:00,false,1
1289,54,3,2025-10-13 10:29:00,2025-10-13 10:37:00,false,2
1290,54,3,2025-10-13 10:52:00,2025-10-13 10:58:00,true,3
1291,54,4,2025-10-15 14:51:00,2025-10-15 15:06:00,false,1
1292,54,4,2025-10-15 14:07:00,2025-10-15 14:27:00,true,2
1293,54,10,2025-10-17 14:04:00,2025-10-17 14:19:00,false,1
1294,54,10,2025-10-17 13:09:00,2025-10-17 13:43:00,false,2
1295,54,10,2025-10-17 11:44:00,2025-10-17 12:15:00,true,3
1296,54,10,2025-10-20 11:06:00,2025-10-20 11:38:00,false,1
1297,54,10,2025-10-20 11:01:00,2025-10-20 11:40:00,false,2
1298,54,2,2025-10-21 13:26:00,2025-10-21 13:44:00,false,1
1299,54,2,2025-10-21 11:13:00,2025-10-21 11:20:00,false,2
1300,54,2,2025-10-21 13:33:00,2025-10-21 13:50:00,true,3
1301,56,5,2025-10-01 16:49:00,2025-10-01 17:10:00,false,1
1302,56,5,2025-10-01 13:03:00,2025-10-01 13:23:00,false,2
1303,56,5,2025-10-01 10:50:00,2025-10-01 11:07:00,true,3
1304,56,6,2025-10-01 16:11:00,2025-10-01 16:29:00,false,1
1305,56,6,2025-10-01 09:03:00,2025-10-01 09:34:00,false,2
1306,56,6,2025-10-01 13:13:00,2025-10-01 13:48:00,false,3
1307,56,6,2025-10-01 13:21:00,2025-10-01 13:58:00,false,4
1308,56,6,2025-10-01 09:06:00,2025-10-01 09:17:00,true,5
1309,56,1,2025-10-03 17:07:00,2025-10-03 17:12:00,false,1
1310,56,1,2025-10-03 12:46:00,2025-10-03 13:03:00,true,2
1311,56,2,2025-10-06 10:20:00,2025-10-06 10:30:00,false,1
1312,56,3,2025-10-06 15:55:00,2025-10-06 16:04:00,false,1
1313,56,3,2025-10-06 15:57:00,2025-10-06 16:07:00,false,2
1314,56,3,2025-10-06 10:30:00,2025-10-06 10:48:00,false,3
1315,56,7,2025-11-29 13:00:00,2025-11-29 13:26:00,false,1
1316,56,7,2025-11-14 12:00:00,2025-11-14 12:23:00,false,2
1317,56,7,2025-11-19 15:00:00,2025-11-19 15:27:00,false,3
1318,57,1,2025-10-01 16:29:00,2025-10-01 16:45:00,true,1
1319,57,2,2025-11-28 11:00:00,2025-11-28 11:25:00,false,1
1320,57,2,2025-11-26 14:00:00,2025-11-26 14:29:00,false,2
1321,57,2,2025-10-26 13:00:00,2025-10-26 13:48:00,false,3
1322,57,2,2025-11-21 16:00:00,2025-11-21 16:28:00,false,4
1323,58,1,2025-10-02 09:26:00,2025-10-02 09:30:00,false,1
1324,58,1,2025-10-02 09:30:00,2025-10-02 09:49:00,false,2
1325,58,1,2025-10-02 09:27:00,2025-10-02 09:46:00,true,3
1326,59,7,2025-10-01 09:29:00,2025-10-01 09:46:00,false,1
1327,59,7,2025-10-01 11:55:00,2025-10-01 12:10:00,false,2
1328,59,7,2025-10-01 11:50:00,2025-10-01 12:04:00,true,3
1329,59,5,2025-10-01 10:24:00,2025-10-01 10:53:00,false,1
1330,59,5,2025-10-01 17:02:00,2025-10-01 17:28:00,true,2
1331,59,7,2025-10-04 10:39:00,2025-10-04 10:52:00,false,1
1332,59,7,2025-10-04 09:32:00,2025-10-04 09:46:00,false,2
1333,59,7,2025-10-04 09:07:00,2025-10-04 09:22:00,true,3
1334,59,3,2025-10-05 17:45:00,2025-10-05 17:50:00,false,1
1335,59,3,2025-10-05 17:45:00,2025-10-05 17:54:00,false,2
1336,59,3,2025-10-05 11:21:00,2025-10-05 11:31:00,true,3
1337,59,2,2025-10-05 16:47:00,2025-10-05 16:56:00,false,1
1338,59,2,2025-10-05 12:20:00,2025-10-05 12:34:00,false,2
1339,59,2,2025-10-05 13:32:00,2025-10-05 13:48:00,true,3
1340,59,3,2025-10-07 17:33:00,2025-10-07 17:39:00,false,1
1341,59,3,2025-10-07 16:45:00,2025-10-07 17:05:00,true,2
1342,59,4,2025-10-07 13:28:00,2025-10-07 13:42:00,false,1
1343,59,4,2025-10-07 10:12:00,2025-10-07 10:29:00,false,2
1344,59,4,2025-10-07 10:05:00,2025-10-07 10:20:00,true,3
1345,59,1,2025-10-10 13:07:00,2025-10-10 13:14:00,true,1
1346,59,3,2025-10-11 17:59:00,2025-10-11 18:06:00,false,1
1347,59,3,2025-10-11 16:22:00,2025-10-11 16:38:00,true,2
1348,59,8,2025-11-02 10:00:00,2025-11-02 10:16:00,false,1
1349,59,8,2025-11-04 16:00:00,2025-11-04 16:48:00,false,2
1350,59,8,2025-11-11 13:00:00,2025-11-11 13:36:00,false,3
1351,59,8,2025-11-10 13:00:00,2025-11-10 13:48:00,false,4
1352,60,6,2025-10-01 11:11:00,2025-10-01 11:28:00,false,1
1353,60,6,2025-10-01 11:15:00,2025-10-01 11:30:00,false,2
1354,60,6,2025-10-01 09:20:00,2025-10-01 10:04:00,false,3
1355,60,6,2025-10-01 11:28:00,2025-10-01 11:52:00,true,4
1356,60,6,2025-10-03 14:09:00,2025-10-03 14:40:00,false,1
1357,60,6,2025-10-03 16:34:00,2025-10-03 16:52:00,false,2
1358,60,6,2025-10-03 17:19:00,2025-10-03 17:34:00,false,3
1359,60,6,2025-10-03 09:25:00,2025-10-03 10:04:00,true,4
1360,60,2,2025-10-06 17:32:00,2025-10-06 17:45:00,false,1
1361,60,2,2025-10-06 13:30:00,2025-10-06 13:42:00,false,2
1362,60,2,2025-10-06 11:51:00,2025-10-06 12:08:00,true,3
1363,60,1,2025-10-06 16:57:00,2025-10-06 17:01:00,true,1
1364,60,1,2025-10-07 12:28:00,2025-10-07 12:42:00,false,1
1365,60,1,2025-10-07 10:20:00,2025-10-07 10:24:00,false,2
1366,60,1,2025-10-07 12:37:00,2025-10-07 12:56:00,true,3
1367,60,4,2025-10-07 12:01:00,2025-10-07 12:06:00,false,1
1368,60,4,2025-10-07 17:54:00,2025-10-07 18:11:00,true,2
1369,60,2,2025-10-09 17:03:00,2025-10-09 17:17:00,false,1
1370,60,2,2025-10-09 15:09:00,2025-10-09 15:25:00,true,2
1371,60,4,2025-10-09 09:18:00,2025-10-09 09:32:00,false,1
1372,60,4,2025-10-09 14:19:00,2025-10-09 14:36:00,true,2
1373,60,8,2025-11-16 16:00:00,2025-11-16 16:43:00,false,1
1374,60,8,2025-11-08 11:00:00,2025-11-08 11:42:00,false,2
1375,60,8,2025-11-16 11:00:00,2025-11-16 11:20:00,false,3
1376,60,8,2025-10-30 11:00:00,2025-10-30 11:34:00,false,4
1377,60,8,2025-11-20 16:00:00,2025-11-20 16:48:00,false,5
1378,61,5,2025-10-02 16:35:00,2025-10-02 17:12:00,false,1
1379,61,5,2025-10-02 12:01:00,2025-10-02 12:09:00,false,2
1380,61,5,2025-10-02 11:16:00,2025-10-02 11:43:00,false,3
1381,61,5,2025-10-02 16:07:00,2025-10-02 16:33:00,true,4
1382,61,1,2025-10-04 13:31:00,2025-10-04 13:36:00,true,1
1383,61,7,2025-10-06 16:44:00,2025-10-06 16:50:00,false,1
1384,61,7,2025-10-06 14:32:00,2025-10-06 14:35:00,true,2
1385,61,8,2025-10-06 09:09:00,2025-10-06 09:22:00,true,1
1386,61,3,2025-10-07 14:26:00,2025-10-07 14:40:00,false,1
1387,61,3,2025-10-07 09:18:00,2025-10-07 09:30:00,true,2
1388,61,1,2025-10-07 17:12:00,2025-10-07 17:20:00,true,1
1389,61,6,2025-10-09 13:43:00,2025-10-09 14:14:00,false,1
1390,61,6,2025-10-09 10:34:00,2025-10-09 11:19:00,false,2
1391,61,6,2025-10-09 14:52:00,2025-10-09 15:09:00,false,3
1392,61,6,2025-10-09 09:08:00,2025-10-09 09:49:00,false,4
1393,61,7,2025-10-09 15:21:00,2025-10-09 15:29:00,false,1
1394,61,7,2025-10-09 10:13:00,2025-10-09 10:20:00,true,2
1395,62,7,2025-10-02 17:48:00,2025-10-02 18:01:00,false,1
1396,62,7,2025-10-02 11:45:00,2025-10-02 11:57:00,false,2
1397,62,2,2025-10-03 11:44:00,2025-10-03 11:54:00,false,1
1398,62,2,2025-10-03 13:08:00,2025-10-03 13:17:00,false,2
1399,62,2,2025-10-03 11:05:00,2025-10-03 11:21:00,true,3
1400,62,1,2025-10-05 15:02:00,2025-10-05 15:11:00,false,1
1401,62,1,2025-10-05 10:02:00,2025-10-05 10:21:00,true,2
1402,62,3,2025-10-08 10:19:00,2025-10-08 10:22:00,true,1
1403,63,4,2025-10-01 12:18:00,2025-10-01 12:26:00,false,1
1404,63,4,2025-10-01 17:00:00,2025-10-01 17:06:00,false,2
1405,63,4,2025-10-01 12:58:00,2025-10-01 13:17:00,true,3
1406,63,3,2025-10-04 10:11:00,2025-10-04 10:25:00,false,1
1407,63,3,2025-10-04 15:27:00,2025-10-04 15:36:00,false,2
1408,63,3,2025-10-04 17:14:00,2025-10-04 17:30:00,true,3
1409,63,4,2025-10-04 10:29:00,2025-10-04 10:35:00,false,1
1410,63,4,2025-10-04 17:08:00,2025-10-04 17:26:00,true,2
1411,63,2,2025-10-06 16:07:00,2025-10-06 16:22:00,false,1
1412,63,2,2025-10-06 13:29:00,2025-10-06 13:41:00,true,2
1413,63,7,2025-10-08 15:12:00,2025-10-08 15:17:00,false,1
1414,63,7,2025-10-08 16:43:00,2025-10-08 16:57:00,true,2
1415,63,7,2025-10-10 17:42:00,2025-10-10 17:47:00,false,1
1416,63,7,2025-10-10 10:09:00,2025-10-10 10:24:00,true,2
1417,63,2,2025-10-11 12:21:00,2025-10-11 12:30:00,false,1
1418,63,2,2025-10-11 15:07:00,2025-10-11 15:17:00,true,2
1419,64,2,2025-10-02 10:07:00,2025-10-02 10:18:00,false,1
1420,64,2,2025-10-02 16:31:00,2025-10-02 16:41:00,true,2
1421,64,1,2025-10-02 09:06:00,2025-10-02 09:10:00,true,1
1422,64,3,2025-11-01 13:00:00,2025-11-01 13:35:00,false,1
1423,64,3,2025-10-30 12:00:00,2025-10-30 12:21:00,false,2
1424,65,1,2025-10-01 14:54:00,2025-10-01 15:09:00,false,1
1425,65,1,2025-10-01 16:29:00,2025-10-01 16:33:00,false,2
1426,65,4,2025-10-01 13:56:00,2025-10-01 14:04:00,false,1
1427,65,4,2025-10-01 16:27:00,2025-10-01 16:34:00,false,2
1428,65,4,2025-10-01 13:45:00,2025-10-01 14:00:00,true,3
1429,65,6,2025-10-03 16:35:00,2025-10-03 16:53:00,false,1
1430,65,6,2025-10-03 17:03:00,2025-10-03 17:36:00,false,2
1431,65,6,2025-10-03 13:31:00,2025-10-03 14:16:00,false,3
1432,65,6,2025-10-03 15:39:00,2025-10-03 16:09:00,false,4
1433,65,6,2025-10-03 13:20:00,2025-10-03 13:31:00,false,5
1434,65,5,2025-10-03 11:53:00,2025-10-03 12:24:00,false,1
1435,65,5,2025-10-03 14:51:00,2025-10-03 15:36:00,false,2
1436,65,1,2025-10-06 14:26:00,2025-10-06 14:40:00,false,1
1437,65,1,2025-10-06 09:42:00,2025-10-06 09:52:00,true,2
1438,65,4,2025-10-06 13:37:00,2025-10-06 13:42:00,false,1
1439,65,4,2025-10-06 10:55:00,2025-10-06 11:07:00,false,2
1440,65,4,2025-10-06 10:21:00,2025-10-06 10:29:00,false,3
1441,65,4,2025-10-08 15:36:00,2025-10-08 15:55:00,false,1
1442,65,4,2025-10-08 15:17:00,2025-10-08 15:20:00,false,2
1443,65,4,2025-10-08 16:37:00,2025-10-08 16:40:00,true,3
1444,65,3,2025-10-10 16:06:00,2025-10-10 16:15:00,true,1
1445,65,5,2025-10-10 11:39:00,2025-10-10 12:06:00,false,1
1446,65,5,2025-10-10 14:27:00,2025-10-10 14:47:00,false,2
1447,65,5,2025-10-10 16:40:00,2025-10-10 16:52:00,false,3
1448,65,5,2025-10-10 17:13:00,2025-10-10 17:39:00,false,4
1449,65,7,2025-10-12 10:45:00,2025-10-12 10:51:00,false,1
1450,65,7,2025-10-12 14:17:00,2025-10-12 14:22:00,false,2
1451,65,7,2025-10-12 17:30:00,2025-10-12 17:46:00,true,3
1452,65,2,2025-10-12 13:32:00,2025-10-12 13:44:00,true,1
1453,65,4,2025-10-14 13:39:00,2025-10-14 13:58:00,false,1
1454,65,4,2025-10-14 16:42:00,2025-10-14 17:02:00,true,2
1455,65,8,2025-11-26 13:00:00,2025-11-26 13:28:00,false,1
1456,65,8,2025-11-19 12:00:00,2025-11-19 12:49:00,false,2
1457,65,8,2025-11-29 16:00:00,2025-11-29 16:42:00,false,3
